timesteps,target_index,elapsed_time,target_x,target_y,target_z,distance,reward,shoulder_pan_joint,shoulder_lift_joint,elbow_joint,wrist_1_joint,wrist_2_joint,wrist_3_joint,valid_side_hit,whip_target_contact
40000,0,0.01,1.1,-0.45,0.8,1.8079058761507358,5.957391738690374,-8.365980817513663e-05,-1.9129539153357726,1.4858550231589425,-0.8595582944355793,-1.5567351652078893,0.0019698036165188802,0,0
40000,0,0.02,1.1,-0.45,0.8,1.8078146633766152,-0.14893506567494197,-0.0005903806938836288,-1.9107429102864915,1.4828866534360992,-0.8565527449507112,-1.5588513725376887,0.00580209956171208,0,0
40000,0,0.03,1.1,-0.45,0.8,1.8077928633146063,-0.17011433577065593,-0.0018240183667776045,-1.9081940456010846,1.4788531718236761,-0.8529152896744088,-1.561911571937148,0.011442463277562962,0,0
40000,0,0.04,1.1,-0.45,0.8,1.8078181817284422,-0.17343166975221144,-0.0037109075564649477,-1.9061078697874554,1.473782735705836,-0.8488491858794444,-1.5661112889198174,0.018676751749543665,0,0
40000,0,0.05,1.1,-0.45,0.8,1.8078486978039097,-0.17305336484994438,-0.006217637131540729,-1.905085178923033,1.4675901897074315,-0.8443422659838031,-1.5715534595012783,0.027174431648996685,0,0
40000,0,0.06,1.1,-0.45,0.8,1.807886941340296,-0.1749037102616341,-0.009328648999257396,-1.9054076023547966,1.4602760336961693,-0.8393777512293649,-1.5778470924017445,0.03671794225745353,0,0
40000,0,0.07,1.1,-0.45,0.8,1.8079439843465117,-0.17860427548606303,-0.01307672824140953,-1.907053418181029,1.4518344508535876,-0.8339957396237349,-1.5842764780242935,0.047263078257898244,0,0
40000,0,0.08,1.1,-0.45,0.8,1.8080054011453766,-0.17975296353441958,-0.01746455423832963,-1.9098057392393801,1.4423691915668764,-0.8281666930038687,-1.590081242150517,0.05887429794435147,0,0
40000,0,0.09,1.1,-0.45,0.8,1.8080419434071848,-0.17812541468269152,-0.022532696758023572,-1.9134046821197643,1.4321966580711818,-0.8219197445044379,-1.5948408255446387,0.07150952294383064,0,0
40000,0,0.1,1.1,-0.45,0.8,1.8080455133813849,-0.17658780149044034,-0.0283305386441324,-1.9175694423437268,1.4216082195778939,-0.8153253796025576,-1.5984938723164857,0.08505044299857328,0,0
40000,0,0.11,1.1,-0.45,0.8,1.8079549795231276,-0.1692382437377233,-0.03490226719853969,-1.9219880716149813,1.410766700145165,-0.808453311469168,-1.601051720201794,0.09943190495368825,0,0
40000,0,0.12,1.1,-0.45,0.8,1.8078442836056994,-0.1719471014717022,-0.04229865935069758,-1.9264673509971348,1.399744140456264,-0.8014695804714954,-1.6028656936785526,0.11443652535866286,0,0
40000,0,0.13,1.1,-0.45,0.8,1.807709322344575,-0.16758464292275452,-0.0505062433391559,-1.9309109965458875,1.3885981875128164,-0.7946112709465957,-1.6044786825515869,0.1297545753846289,0,0
40000,0,0.14,1.1,-0.45,0.8,1.8074849237561288,-0.1401903297497158,-0.05945374304864626,-1.9352905336715323,1.3773304286147294,-0.7879367763320757,-1.6062539041772612,0.14527620935967306,0,0
40000,0,0.15,1.1,-0.45,0.8,1.8071797455881498,-0.12038637199869164,-0.06906358695411027,-1.9396220278592704,1.3659661785717243,-0.7813736021329473,-1.6083450214914794,0.16100041356861766,0,0
40000,0,0.16,1.1,-0.45,0.8,1.8068498973039728,-0.11247209395052751,-0.07926085923440249,-1.9439383511455077,1.354535907078627,-0.7748187795029633,-1.6108458564912016,0.17688738984520275,0,0
40000,0,0.17,1.1,-0.45,0.8,1.8064853051701428,-0.10770729278926147,-0.09002115891621242,-1.9482481796456153,1.3430401091279847,-0.7682357981813893,-1.6137654057704174,0.1930214836094276,0,0
40000,0,0.18,1.1,-0.45,0.8,1.8061098102344748,-0.10534265259415196,-0.10133059668688449,-1.9525347788606724,1.3314865494137953,-0.7615616054268766,-1.6171467672884896,0.20935725468435612,0,0
40000,0,0.19,1.1,-0.45,0.8,1.8056830152236825,-0.09455015815774298,-0.11319001525416826,-1.95679214351061,1.3198469065540384,-0.7547829962980619,-1.6209712759615054,0.22598329313221127,0,0
40000,0,0.2,1.1,-0.45,0.8,1.8051820196185329,-0.07614504194818124,-0.1255808998161394,-1.9610397071893777,1.3080933875611405,-0.7477990999171221,-1.625247035648988,0.2428714711138736,0,0
40000,0,0.21,1.1,-0.45,0.8,1.804721886036546,-0.08447417553242181,-0.13852089520181693,-1.965333789070516,1.2961689715121578,-0.7405278552891175,-1.6299039423373773,0.2601254542700313,0,0
40000,0,0.22,1.1,-0.45,0.8,1.8042276474665802,-0.07727884369135764,-0.15204201151342062,-1.9697326400240005,1.284070041220927,-0.732919785216068,-1.6348582500178102,0.2777402795466244,0,0
40000,0,0.23,1.1,-0.45,0.8,1.8036330597832173,-0.05658215177131018,-0.16614847034813823,-1.9742784804723532,1.2718316413959365,-0.7249623972667602,-1.6400220136485586,0.295762135666315,0,0
40000,0,0.24,1.1,-0.45,0.8,1.8030115936341824,-0.0509865501427032,-0.1808443494333707,-1.9789896791304429,1.2594211702185587,-0.7166654328023132,-1.6453920927573713,0.314267255878106,0,0
40000,0,0.25,1.1,-0.45,0.8,1.8023737986263746,-0.047710932199923894,-0.1961521216584352,-1.98388113250839,1.2468113411832753,-0.7080025268317031,-1.650880856634359,0.3332702541461967,0,0
40000,0,0.26,1.1,-0.45,0.8,1.801762062934514,-0.053545531524585355,-0.21207365163173328,-1.9889482720960323,1.2339934594205635,-0.6989708132037552,-1.6564786581197635,0.35273479768280885,0,0
40000,0,0.27,1.1,-0.45,0.8,1.8011595120445056,-0.05591324221634833,-0.22862180145859373,-1.9941613753435108,1.2209312610316136,-0.6896117278239863,-1.6621763728606245,0.3728586011925625,0,0
40000,0,0.28,1.1,-0.45,0.8,1.8006109320609656,-0.06763658612421627,-0.24579433388119257,-1.9994662152849938,1.2076194396817013,-0.6798961236191022,-1.6679676770060379,0.39344778943166997,0,0
40000,0,0.29,1.1,-0.45,0.8,1.8000051150050425,-0.05611681244479885,-0.2635947172864439,-2.0048075484399033,1.1940472572372793,-0.6698228863307749,-1.6738669616564754,0.41447870807753695,0,0
40000,0,0.3,1.1,-0.45,0.8,1.7994332897859875,-0.06347538613451253,-0.2820372984352482,-2.0101454367781417,1.1802282364596794,-0.6593653407799525,-1.6798817693309174,0.43598876009355736,0,0
40000,0,0.31,1.1,-0.45,0.8,1.7988489980291589,-0.061147678772943775,-0.3011464968419107,-2.015456103073023,1.166154249692345,-0.6485010585098191,-1.686008935794544,0.45802324712449294,0,0
40000,0,0.32,1.1,-0.45,0.8,1.7982421077632718,-0.05927860112621905,-0.3209409674469768,-2.0207047937719365,1.151801426289653,-0.6372035919104541,-1.6922796028735938,0.4805464878943697,0,0
40000,0,0.33,1.1,-0.45,0.8,1.7976054559549852,-0.05340831269213739,-0.3414250170052831,-2.0258511899032783,1.1371488958755684,-0.6254606671613469,-1.6987302637220205,0.5035772574060413,0,0
40000,0,0.34,1.1,-0.45,0.8,1.7970526340789725,-0.07156732119660628,-0.36261620167106173,-2.030848498417627,1.1221701436201565,-0.6132727123007828,-1.7053061392716597,0.5271002055461174,0,0
40000,0,0.35000000000000003,1.1,-0.45,0.8,1.7965705786209145,-0.08699570888143875,-0.3845242266465416,-2.0356457046663814,1.1068282440302304,-0.6006408744613665,-1.7119865572260826,0.5512300684164455,0,0
40000,0,0.36,1.1,-0.45,0.8,1.796123885557772,-0.09472241621400526,-0.40715772980056186,-2.040214600613703,1.091116789647582,-0.5874701751739784,-1.718784121049667,0.5758653148024852,0,0
40000,0,0.37,1.1,-0.45,0.8,1.7957011384980488,-0.0999922220133161,-0.43051419440835553,-2.044553036497553,1.0750347337990849,-0.5736828918505213,-1.7257200368124903,0.6010750682268206,0,0
40000,0,0.38,1.1,-0.45,0.8,1.7952283072472228,-0.09010980157495876,-0.45460918106707876,-2.048655290499291,1.058595623346582,-0.559261176731974,-1.7327432470202682,0.626883280302948,0,0
40000,0,0.39,1.1,-0.45,0.8,1.7943668148621734,-0.009095896837239575,-0.4794538822491862,-2.0525103493038257,1.041825511447823,-0.5441229752375841,-1.739885345706066,0.6532655701099235,0,0
40000,0,0.4,1.1,-0.45,0.8,1.7927609168410632,0.14642750736222027,-0.5049877551814589,-2.056122520906271,1.0247357655115428,-0.5283562271662062,-1.7471506155003644,0.680255003920514,0,0
40000,0,0.41000000000000003,1.1,-0.45,0.8,1.7898922843541996,0.4102756756784062,-0.5310968158725162,-2.0594994506031314,1.0074280239438935,-0.5120081002271483,-1.754489768993751,0.7078966766486625,0,0
40000,0,0.42,1.1,-0.45,0.8,1.785295264784964,0.771988100176324,-0.5575967714933733,-2.062757547533541,0.9900789402863305,-0.49506526679927493,-1.7618575885046641,0.7361081918227423,0,0
40000,0,0.43,1.1,-0.45,0.8,1.7793014915326557,1.0678142829555295,-0.5842906167832488,-2.0662344889381927,0.9728838114719112,-0.4772773353250992,-1.7690934754970555,0.7647781886428201,0,0
40000,0,0.44,1.1,-0.45,0.8,1.773092950703832,1.1151169806262788,-0.6112689950087191,-2.0704464293850076,0.9555842958047592,-0.4584319650063481,-1.7757410758904943,0.7940345002598753,0,0
40000,0,0.45,1.1,-0.45,0.8,1.7679019839746886,0.9028262532451075,-0.6387320273662933,-2.0757496157586655,0.9375931131927396,-0.43862959336549945,-1.7813471248031518,0.8232138229984708,0,0
40000,0,0.46,1.1,-0.45,0.8,1.7646320792343289,0.49662293156774445,-0.6669408433667103,-2.0821764582778566,0.9184467085497868,-0.41844419514776754,-1.7858758733278528,0.8515168052191394,0,0
40000,0,0.47000000000000003,1.1,-0.45,0.8,1.7632884826086306,0.08515542457074121,-0.6959946043374179,-2.089381688609893,0.8980220021326742,-0.3988726687824896,-1.7896564313443488,0.8783854819146077,0,0
40000,0,0.48,1.1,-0.45,0.8,1.7635612110479224,-0.2216907677603463,-0.7259116251621466,-2.096905124721699,0.8763631508216926,-0.3807586944894208,-1.7930351999975604,0.9037669512642411,0,0
40000,0,0.49,1.1,-0.45,0.8,1.765174186195118,-0.3408363151655114,-0.7566469287938441,-2.1044541764417555,0.853636923399823,-0.36452182430248636,-1.796438507824938,0.9275420241407191,0,0
40000,0,0.5,1.1,-0.45,0.8,1.7680002899223255,-0.4482234178916882,-0.7880933382415983,-2.1118367878134263,0.8299638666865602,-0.35031829401842857,-1.8003188539744148,0.9496069104404196,0,0
40000,0,0.51,1.1,-0.45,0.8,1.7719536568243257,-0.5474938300741916,-0.8201793726642087,-2.1189978447192512,0.8056586525063157,-0.33818175118517874,-1.8050164530201782,0.9695806778417185,0,0
40000,0,0.52,1.1,-0.45,0.8,1.7767131122509865,-0.6133018287350486,-0.8528691676178763,-2.1258065133467645,0.7808126117029898,-0.32834656862084977,-1.81097436208189,0.9870347488019148,0,0
40000,0,0.53,1.1,-0.45,0.8,1.7819285254240937,-0.6508486027787224,-0.8860732052009888,-2.1320253276200947,0.7555528077512016,-0.32102466652673833,-1.8186035827244058,1.0016254321483322,0,0
40000,0,0.54,1.1,-0.45,0.8,1.7871340377577674,-0.6476226430133604,-0.9196884933585959,-2.1374128927944724,0.7297561796607073,-0.31631432020840844,-1.827853628202304,1.0132616745027812,0,0
40000,0,0.55,1.1,-0.45,0.8,1.7916393658066319,-0.5833307993242348,-0.9536212573674456,-2.1417354821886123,0.703057898125146,-0.31408128665350626,-1.83872315803022,1.0219912808586558,0,0
40000,0,0.56,1.1,-0.45,0.8,1.7945985034968417,-0.4444753586037655,-0.9878485830551909,-2.1448287820924037,0.6752729020126625,-0.3139931978874561,-1.851061328851555,1.0279116485538522,0,0
40000,0,0.5700000000000001,1.1,-0.45,0.8,1.7952448857884253,-0.23780998267276107,-1.0224184418523266,-2.1464198977993347,0.6463251473921674,-0.31547229969027774,-1.8642962188782843,1.031155052062769,0,0
40000,0,0.58,1.1,-0.45,0.8,1.7933079098033524,-0.007658838626614289,-1.0573124025317804,-2.1462904038811565,0.616284497280328,-0.31775692579884024,-1.8783921086259672,1.0318350467789983,0,0
40000,0,0.59,1.1,-0.45,0.8,1.7890351164165568,0.20022563866465948,-1.0923056272894063,-2.1443446018508303,0.5852981704896892,-0.32057876172734484,-1.8931326786223022,1.0300314453754345,0,0
40000,0,0.6,1.1,-0.45,0.8,1.7827257870392987,0.3820845495404062,-1.1270125770143629,-2.140568018247958,0.553511849164934,-0.32399347067522455,-1.9084676664594435,1.0259152630088983,0,0
40000,0,0.61,1.1,-0.45,0.8,1.7746630831246537,0.5379125884368567,-1.1608217031124304,-2.1349934442580505,0.5210901592342854,-0.32783330336133376,-1.9245952857493913,1.0196206835727077,0,0
40000,0,0.62,1.1,-0.45,0.8,1.7656602198378613,0.6189555998825862,-1.1930626127353103,-2.1276423417536567,0.48827415477733743,-0.3321087434846586,-1.9418899534876464,1.0112206020092418,0,0
40000,0,0.63,1.1,-0.45,0.8,1.7557084184320846,1.6172844249558516,-1.2234878228588721,-2.1185967827594454,0.45531904858132627,-0.33696276692629845,-1.9603267086430352,1.0008354256697998,0,0
40000,0,0.64,1.1,-0.45,0.8,1.7452928875672913,1.9998551835580611,-1.251829684167382,-2.1078994663805837,0.4226065651531747,-0.34256123602783617,-1.9799742591475564,0.9886073989068326,0,0
40000,0,0.65,1.1,-0.45,0.8,1.7343442969355212,2.1112812099480847,-1.2779183808707453,-2.095577019399889,0.3904202368845066,-0.3486975274650767,-2.00082273686085,0.9748730076638051,0,0
40000,0,0.66,1.1,-0.45,0.8,1.7231397439848992,2.1641277898054296,-1.3016005860462907,-2.0816267853595893,0.35890029915182375,-0.3552051182423871,-2.0228621408919927,0.9602388557841044,0,0
40000,0,0.67,1.1,-0.45,0.8,1.7115276655587468,2.248861719877439,-1.3228980593404125,-2.066029065044365,0.32793952917322894,-0.36210545262962884,-2.0460541048184746,0.9454945913141444,0,0
40000,0,0.68,1.1,-0.45,0.8,1.6999067366703398,2.247170777413782,-1.3419706436769905,-2.048806396535444,0.29738209419818024,-0.36940809979133,-2.0703855458125,0.9312285753032385,0,0
40000,0,0.6900000000000001,1.1,-0.45,0.8,1.6880802749582449,2.2892699346813594,-1.359216249208945,-2.030105641221806,0.2672016740539715,-0.37691090396384364,-2.0958070114958796,0.9177084519362882,0,0
40000,0,0.7000000000000001,1.1,-0.45,0.8,1.6759877482512031,2.346965036755657,-1.3749743736656095,-2.010067321508372,0.23733482413212667,-0.3844158075789667,-2.122309785341035,0.9051984281981358,0,0
40000,0,0.71,1.1,-0.45,0.8,1.6637448021849146,2.375562198020885,-1.3895891766617163,-1.988870031379406,0.20771836928926649,-0.3917104177609974,-2.149840319516797,0.8939336824120532,0,0
40000,0,0.72,1.1,-0.45,0.8,1.650974821294023,2.4829708926756506,-1.4034476456300788,-1.9667752458000287,0.17833747254815646,-0.3987731818353467,-2.1783498056621324,0.8842503109512757,0,0
40000,0,0.73,1.1,-0.45,0.8,1.6379952472214916,2.5272489386259327,-1.416736809044044,-1.9440816167382322,0.14916366695523547,-0.405402398811472,-2.2077938884243475,0.8763898838610596,0,0
40000,0,0.74,1.1,-0.45,0.8,1.6243062357652696,2.681809402899791,-1.429648974151819,-1.9212009481777481,0.12008452467148362,-0.4113588665195293,-2.2380553173032833,0.8705739261194886,0,0
40000,0,0.75,1.1,-0.45,0.8,1.6100950393042046,2.7918242556887627,-1.4422683348285201,-1.8985869809285942,0.09099970958862784,-0.41647399098926974,-2.2690606864757275,0.8669497999839906,0,0
40000,0,0.76,1.1,-0.45,0.8,1.595738758992378,2.8203397786733544,-1.4547881819022792,-1.8767090875910393,0.061809633379703875,-0.42054879866170436,-2.3006706909979333,0.8655148963731651,0,0
40000,0,0.77,1.1,-0.45,0.8,1.5804518060598964,3.0195872211548327,-1.467326847910276,-1.855914616482312,0.032417450384257945,-0.4235269394708241,-2.332758866152457,0.8666251911986206,0,0
40000,0,0.78,1.1,-0.45,0.8,1.564390998748301,3.1829927447597277,-1.4797312042164397,-1.8363848578467399,0.002835285636756634,-0.4251137711203448,-2.3651801004498503,0.8699205826153783,0,0
40000,0,0.79,1.1,-0.45,0.8,1.547798988995519,3.294986552665937,-1.4919054317817604,-1.8182487642817073,-0.026917470896532125,-0.42509894535705267,-2.3976244227986543,0.8752202709390108,0,0
40000,0,0.8,1.1,-0.45,0.8,1.5307381914326827,3.39393695782653,-1.503886758372716,-1.8015895391038907,-0.056920279086121656,-0.4234350107751825,-2.4298075290687127,0.8825368659757132,0,0
40000,0,0.81,1.1,-0.45,0.8,1.5133619625973795,3.45755360355163,-1.5154491451482672,-1.7864224443650873,-0.087222790382846,-0.42008352178751135,-2.461667848863814,0.8917284290565158,0,0
40000,0,0.8200000000000001,1.1,-0.45,0.8,1.4957453141858288,3.5082980806107145,-1.5265007990886268,-1.7727512171661626,-0.11792346711043147,-0.41499888750763003,-2.4930741525610496,0.9025902166789915,0,0
40000,0,0.8300000000000001,1.1,-0.45,0.8,1.4779987149346259,3.534707831545714,-1.5370771399721763,-1.7604596291477146,-0.1491322775924395,-0.4083501170077672,-2.5240686985918237,0.9150032450729735,0,0
40000,0,0.84,1.1,-0.45,0.8,1.4601644643376839,3.5521659742375493,-1.547062966697788,-1.7493395443800994,-0.18085687559559918,-0.4002429558721814,-2.5545635984717365,0.9288125435805021,0,0
40000,0,0.85,1.1,-0.45,0.8,1.442057130401758,3.605361561702194,-1.556415544321289,-1.7390493898505597,-0.21318902404645795,-0.3908288957185306,-2.584331029840605,0.9439196739434127,0,0
40000,0,0.86,1.1,-0.45,0.8,1.4238436905836789,3.6327271953968365,-1.5650043390865,-1.7292718290972653,-0.2461381692846975,-0.38029205200934724,-2.6131740905892866,0.9602841242393103,0,0
40000,0,0.87,1.1,-0.45,0.8,1.405052452764494,3.751522137256927,-1.5726521993121954,-1.7197518247479475,-0.27969047029668276,-0.36878080075189046,-2.640806246197407,0.9777114048898167,0,0
40000,0,0.88,1.1,-0.45,0.8,1.3853174784146545,3.9501395908385932,-1.5792156373341675,-1.7103386677561685,-0.3138222391244019,-0.35651062906904246,-2.66700505370471,0.9962978719610215,0,0
40000,0,0.89,1.1,-0.45,0.8,1.3646510335262763,4.148624065863429,-1.5846070610093124,-1.7010722189858494,-0.3484575857308913,-0.3436512558258637,-2.6916239755430134,1.0160195303242574,0,0
40000,0,0.9,1.1,-0.45,0.8,1.3425002905425962,4.458745334977541,-1.5886765657422195,-1.6920823772865718,-0.38350303928742185,-0.3302805525833472,-2.714388657461175,1.036707082245582,0,0
40000,0,0.91,1.1,-0.45,0.8,1.31859039768587,4.833317843819003,-1.5912113069852343,-1.6836945316495133,-0.4187948702716214,-0.31647570995997104,-2.735097101113194,1.0585387910419048,0,0
40000,0,0.92,1.1,-0.45,0.8,1.2927234617613923,5.247925964204897,-1.5920971187369428,-1.6763938292920872,-0.45417532498674196,-0.30220619790432374,-2.7533394876367585,1.0813863201811291,0,0
40000,0,0.93,1.1,-0.45,0.8,1.2647753914511228,5.688008572987906,-1.5912535810601223,-1.6706373272645207,-0.4896257071916835,-0.2874482851655559,-2.7689559637649936,1.1051500617349623,0,0
40000,0,0.9400000000000001,1.1,-0.45,0.8,1.2347282813387406,30.012473365265894,-1.5885915538217943,-1.6667367428502051,-0.5252299583626056,-0.27249513232353445,-2.7819026839460217,1.1298599575259856,0,0
40000,0,0.9500000000000001,1.1,-0.45,0.8,1.2016653135784459,33.0762259968818,-1.5840904755786298,-1.6649516875177894,-0.5609731121117029,-0.2578398281488133,-2.7921767582813874,1.1555967401292273,0,0
40000,0,0.96,1.1,-0.45,0.8,1.1652253505773795,36.53487739577346,-1.5778495978005465,-1.665523341085407,-0.5968427323076786,-0.2435120597696289,-2.799695002751218,1.1824304949176498,0,0
40000,0,0.97,1.1,-0.45,0.8,1.1270104907937348,38.37321589246132,-1.5701190651120676,-1.6685663334628227,-0.6327689550904293,-0.229219923483226,-2.804422042404944,1.2102326118832771,0,0
40000,0,0.98,1.1,-0.45,0.8,1.0912401869580373,35.86376819108587,-1.562261285792598,-1.674156171185551,-0.6689404330936564,-0.2152649001529861,-2.806521975952161,1.2394430100384486,0,0
40000,0,0.99,1.1,-0.45,0.8,1.0604063026760728,30.820458838443106,-1.5556014242323608,-1.6821426324580844,-0.7056922106353074,-0.20158150439680328,-2.8060888623087266,1.2693635740236293,0,0
40000,0,1.0,1.1,-0.45,0.8,1.0337111670192358,26.608711030829873,-1.5508610977716233,-1.6921139994802998,-0.7430643305938235,-0.18844246059256395,-2.8034344217537885,1.2978319910457565,0,0
40000,0,1.01,1.1,-0.45,0.8,1.0102672769794159,23.320998792366545,-1.5482010821999403,-1.7032073885928594,-0.7811413087688901,-0.1766231176952927,-2.7987876310912827,1.32377789744605,0,0
40000,0,1.02,1.1,-0.45,0.8,0.9896382228589128,20.478924817863785,-1.5476146512714277,-1.7145113598585606,-0.8198710069927041,-0.1664780271158105,-2.7923708168418564,1.3474149238731778,0,0
40000,0,1.03,1.1,-0.45,0.8,0.9712585713525933,18.221730360301226,-1.5490950843483422,-1.7252337010465824,-0.8591118293065847,-0.15865534755540653,-2.78462931495643,1.3688420203405298,0,0
40000,0,1.04,1.1,-0.45,0.8,0.9546710287560766,16.42353220674852,-1.5526984820340088,-1.7349216592805488,-0.8985864653412348,-0.15347496205368316,-2.7761649088559897,1.3886293714145528,0,0
40000,0,1.05,1.1,-0.45,0.8,0.9397298025564187,14.771400313091117,-1.5584326039753331,-1.7434239666319749,-0.9378682768207139,-0.15095441021328046,-2.76783316614705,1.4070188895519378,0,0
40000,0,1.06,1.1,-0.45,0.8,0.9261810506224859,13.37911291616555,-1.5663050649428498,-1.7509210441062848,-0.9762836159062087,-0.15100002752436673,-2.76034673674906,1.4241628585806112,0,0
40000,0,1.07,1.1,-0.45,0.8,0.9138388439748414,12.175752559677772,-1.5762454539564015,-1.7575491728353758,-1.0134253389181427,-0.15348751203533867,-2.754354873774306,1.4400320904205786,0,0
40000,0,1.08,1.1,-0.45,0.8,0.9025338388129321,11.141982700284451,-1.5881569090237138,-1.7631650102590475,-1.0489668698017518,-0.15826369002454024,-2.7503768288107207,1.4548841974008628,0,0
40000,0,1.09,1.1,-0.45,0.8,0.8920351251684557,10.341874950284025,-1.60193410837636,-1.7673411434596817,-1.0826488471974813,-0.1650131063634664,-2.7483118729815645,1.4689434083557074,0,0
40000,0,1.1,1.1,-0.45,0.8,0.8822021414271319,9.237352040435304,-1.6175375801915894,-1.769837655159629,-1.11409792792384,-0.17321457926428346,-2.7478370554478477,1.482801726905625,0,0
40000,0,1.11,1.1,-0.45,0.8,0.8728277489564521,8.7882350738616,-1.6349025156142825,-1.770661326864304,-1.1428807046800002,-0.18242275952346973,-2.7483474743243663,1.496894979433518,0,0
40000,0,1.12,1.1,-0.45,0.8,0.8638181916068077,8.432232674243668,-1.65394576326312,-1.7698818357467072,-1.1686641662347919,-0.19245096958709104,-2.7494616086426866,1.5114268204188475,0,0
40000,0,1.1300000000000001,1.1,-0.45,0.8,0.8548420277740097,8.40643916119193,-1.6745975401994952,-1.76762536055455,-1.191278321285586,-0.2033745652573363,-2.7507958267526744,1.526556554733795,0,0
40000,0,1.1400000000000001,1.1,-0.45,0.8,0.8461038244300553,8.173714711151453,-1.6967314840795222,-1.763954685215159,-1.21088042745321,-0.21513608255560893,-2.7525066816437955,1.5420678751930545,0,0
40000,0,1.1500000000000001,1.1,-0.45,0.8,0.837742013069344,7.801065274484437,-1.7202446107574352,-1.7589973897795452,-1.2274805077156459,-0.2273111526072413,-2.754738585987943,1.557996568616743,0,0
40000,0,1.16,1.1,-0.45,0.8,0.8295230129080684,7.661637604069972,-1.745029122117825,-1.7529420353387963,-1.2410667980107029,-0.23928544203389138,-2.7571550890182013,1.5743630751365352,0,0
40000,0,1.17,1.1,-0.45,0.8,0.8212718623707952,7.693203447620727,-1.7709939236941525,-1.745983567204352,-1.2516877829853417,-0.25061880000059583,-2.759564662395042,1.5914055772634204,0,0
40000,0,1.18,1.1,-0.45,0.8,0.8128116933085741,7.909573593876197,-1.7980550980632164,-1.7383515339963642,-1.2593885920706496,-0.2611844955411029,-2.7620159476471735,1.6092112898281439,0,0
40000,0,1.19,1.1,-0.45,0.8,0.8039381220590454,8.330016838862736,-1.8261595157026935,-1.7302995650199278,-1.2642587234353182,-0.2708625657342781,-2.7646547956240575,1.6280397399387687,0,0
40000,0,1.2,1.1,-0.45,0.8,0.7943116059755089,11.0040827867633,-1.8552212587421812,-1.722051316548806,-1.2664339200617964,-0.2797445932849403,-2.7676425315316453,1.6475297749770954,0,0
40000,0,1.21,1.1,-0.45,0.8,0.7834858659738289,12.444431965809637,-1.8851692751960658,-1.7137902510561092,-1.2660760689824946,-0.2880697663108673,-2.7710722020311147,1.6677353447296621,0,0
40000,0,1.22,1.1,-0.45,0.8,0.7708475229780246,14.633909010486079,-1.9159014352750305,-1.705600138241733,-1.263390330898811,-0.2960873007146199,-2.7748506000486803,1.6889134503714747,0,0
40000,0,1.23,1.1,-0.45,0.8,0.7561328220626771,17.16747601467907,-1.9473033636466097,-1.6974429512728335,-1.2586109992692993,-0.30428802023341167,-2.778812451850177,1.7110650939270913,0,0
40000,0,1.24,1.1,-0.45,0.8,0.7428922187267692,15.412766553134528,-1.9791735320664017,-1.6889893522615491,-1.2520443953021312,-0.3133134218590651,-2.7826809672008084,1.7332264215302995,0,0
40000,0,1.25,1.1,-0.45,0.8,0.7408916561838911,1.8058942562564206,-2.011224471049759,-1.679514966014851,-1.244213914270733,-0.3238399624545654,-2.7861035243526557,1.7542716439938706,0,0
40000,0,1.26,1.1,-0.45,0.8,0.7578840475703094,-2.121879305219758,-2.0439280007441614,-1.6686711972799004,-1.2350063644967413,-0.3361674061310318,-2.788435786080426,1.7745737020155965,0,0
40000,0,1.27,1.1,-0.45,0.8,0.7873272118916101,-3.2513655537418455,-2.077707520745427,-1.65766308186077,-1.2235785544508833,-0.35003349339568934,-2.7896916750320657,1.7940484201249813,0,0
40000,0,1.28,1.1,-0.45,0.8,0.8153078769098501,-3.124459106960364,-2.112439412173888,-1.6470024421859135,-1.21012544002746,-0.36566020956096695,-2.7922588511112,1.8109747614463048,0,0
40000,0,1.29,1.1,-0.45,0.8,0.8406752513171858,-2.886737520440481,-2.1481820080915597,-1.6377514926295091,-1.1944708758350597,-0.3830892939317238,-2.7961371773150203,1.8263995211853175,0,0
40000,0,1.3,1.1,-0.45,0.8,0.8655200897539295,-2.8436735348569044,-2.1847944149284086,-1.6305970438387913,-1.176900502769399,-0.40211781606419433,-2.8011943996393986,1.8416648505605235,0,0
40000,0,1.31,1.1,-0.45,0.8,0.8910600049345472,-2.9102375778341303,-2.222162016229849,-1.625666379390237,-1.1576275887695253,-0.4227184925251561,-2.8070217441315473,1.8559724753624387,0,0
40000,0,1.32,1.1,-0.45,0.8,0.918179876031199,-3.056565118294833,-2.260235804370676,-1.6228291602122709,-1.1367694999136453,-0.44484240510712286,-2.81357152992334,1.8682257604354169,0,0
40000,0,1.33,1.1,-0.45,0.8,0.9473215403944295,-3.2431177583455617,-2.2989636849175157,-1.621840580538873,-1.1144529664926648,-0.4684184851688008,-2.8206440686492398,1.879468530856814,0,0
40000,0,1.34,1.1,-0.45,0.8,0.9789485999648984,-3.3251451079416086,-2.338300024676876,-1.6224274696418814,-1.0908375590580135,-0.49336623485682113,-2.827915701001607,1.8904654612942733,0,0
40000,0,1.35,1.1,-0.45,0.8,1.0136553176176197,-3.329796074984547,-2.3782391163843832,-1.6242522609214793,-1.0660805533502073,-0.5196277406814902,-2.835301024325173,1.901699991696509,0,0
40000,0,1.36,1.1,-0.45,0.8,1.0521053775359896,-3.3344054469307127,-2.418716633560838,-1.626908844682644,-1.0404034686636852,-0.5471347377912841,-2.8427481631795817,1.9130332944295596,0,0
40000,0,1.37,1.1,-0.45,0.8,1.08840018824179,-3.340522006956527,-2.4596854622668376,-1.6298039239237714,-1.0139134892804038,-0.5758637709412967,-2.8503659262897396,1.923622202762797,0,0
40000,0,1.3800000000000001,1.1,-0.45,0.8,1.1472726401265152,-3.340366121723671,-2.5011396131445665,-1.632110573425196,-0.9871840763637723,-0.6057402456471161,-2.8580863286003635,1.9324672460552281,0,0
40000,0,1.3900000000000001,1.1,-0.45,0.8,1.229701272304185,-3.336626161668469,-2.543284799789383,-1.6350032762949223,-0.9589625159873061,-0.636525873645464,-2.8669693933759715,1.9393893508342082,0,0
40000,0,1.4000000000000001,1.1,-0.45,0.8,1.2889346354929296,-3.340462796367101,-2.5857373228794946,-1.637331789236,-0.9300439858784025,-0.6685568454151387,-2.877148258783406,1.9469877793040435,0,0
40000,0,1.41,1.1,-0.45,0.8,1.3423885577008465,-3.3424208367832695,-2.628608154156316,-1.6377934332375506,-0.9002686538340219,-0.7012188011440328,-2.8886708512374115,1.9560430763865317,0,0
40000,0,1.42,1.1,-0.45,0.8,1.3938401751815281,-3.345731026154325,-2.671956086631615,-1.635998477157277,-0.8695191452557305,-0.7339502686526425,-2.9011352042084972,1.963617766827626,0,0
40000,0,1.43,1.1,-0.45,0.8,1.4448638921669261,-3.348354746079315,-2.7157944514467403,-1.6318038256932448,-0.8379636098944439,-0.7664179596395849,-2.9144309963908914,1.9690642939016905,0,0
40000,0,1.44,1.1,-0.45,0.8,1.4961336682320214,-3.3506187510664596,-2.7601057733509378,-1.6252209523617376,-0.8058882297240871,-0.7984671201809899,-2.928551037054452,1.9749772316793597,0,0
40000,0,1.45,1.1,-0.45,0.8,1.5479380486168977,-3.35253943835766,-2.8048701907893876,-1.6163559072148943,-0.7735119120364835,-0.8301378303749668,-2.943463814055422,1.982565184853189,0,0
40000,0,1.46,1.1,-0.45,0.8,1.5997889378210641,-3.3538983152390887,-2.8500626385223,-1.6054690331329162,-0.7408660875472947,-0.861370752793054,-2.959177154481721,1.989723085509605,0,0
40000,0,1.47,1.1,-0.45,0.8,1.649682852422178,-3.355412329717615,-2.8956659336276136,-1.5927735202754332,-0.7082411176794137,-0.8921732234695553,-2.9758608740155323,1.994629540244524,0,0
40000,0,1.48,1.1,-0.45,0.8,1.6926435510914002,-3.3577242019948357,-2.941665465143043,-1.578467071495922,-0.6761746384007266,-0.9224952931748358,-2.9936500283735663,1.999645070496081,0,0
40000,0,1.49,1.1,-0.45,0.8,1.723912449630748,-3.3607398897854055,-2.988068012198485,-1.5627864509241107,-0.6461421373021301,-0.9516472601372774,-3.012248883926053,2.005698017390375,0,0
40000,0,1.5,1.1,-0.45,0.8,1.7451585960914564,-2.573014834079997,-3.0348146080198832,-1.5461462724954915,-0.6195930257967862,-0.979468093811016,-3.029818195286145,2.011230039216741,0,0
40000,0,1.51,1.1,-0.45,0.8,1.7622336975399089,-2.185076742292087,-3.0816884993854115,-1.5284536197555003,-0.5969552897984507,-1.007424577452636,-3.044766364851288,2.016998788726915,0,0
40000,0,1.52,1.1,-0.45,0.8,1.7793622987793434,-2.1867628743629846,-3.128721777078827,-1.509393166649836,-0.578082969115698,-1.0362031665250295,-3.056710821370952,2.023688854694658,0,0
40000,0,1.53,1.1,-0.45,0.8,1.7989823338713613,-2.4093785962468237,-3.1759571062720267,-1.4887930512639505,-0.5627305209807336,-1.0657234309024477,-3.0656395577964677,2.0320264132822494,0,0
40000,0,1.54,1.1,-0.45,0.8,1.822595113421799,-2.7663978415317385,-3.2234023422428004,-1.4666105848927942,-0.5506806340712049,-1.0959316374584869,-3.071622038133756,2.041090952043093,0,0
40000,0,1.55,1.1,-0.45,0.8,1.852035077003155,-3.29020895045939,-3.2710485201660435,-1.4428815165714508,-0.5417601340794712,-1.1264147128280966,-3.074789518352903,2.0476265861169827,0,0
40000,0,1.56,1.1,-0.45,0.8,1.8896418870787481,-3.341141572413438,-3.3188853055722047,-1.4176598099072941,-0.5358055380798751,-1.1570334768730934,-3.075278330062223,2.0509514396584225,0,0
40000,0,1.57,1.1,-0.45,0.8,1.937758158527813,-3.3431896418769513,-3.36689914595208,-1.3910244797052016,-0.5326762979467561,-1.1870721209992847,-3.073220542187841,2.0532537012753305,0,0
40000,0,1.58,1.1,-0.45,0.8,1.9978970975434243,-3.34707364902326,-3.4150777417417513,-1.3630512987427665,-0.5322414878350968,-1.215619236762004,-3.068745668165258,2.055485729170016,0,0
40000,0,1.59,1.1,-0.45,0.8,2.070983118277277,-3.3421406212589706,-3.463407048634538,-1.333830724154993,-0.5343794972478999,-1.241815184472397,-3.0619778547257086,2.0556008948585456,0,0
40000,0,1.6,1.1,-0.45,0.8,2.1400570674858956,-3.339514621713144,-3.5118761600135673,-1.303447877840992,-0.5389793365777622,-1.2647779085742972,-3.053029036747079,2.053826443801525,0,0
40000,0,1.61,1.1,-0.45,0.8,2.1480456304529394,-1.357801954378067,-3.5604716604320252,-1.2719780172443143,-0.545916085553751,-1.284160175140527,-3.0419976799365007,2.0509555735412484,0,0
40000,0,1.62,1.1,-0.45,0.8,2.118439825079948,2.024455025877638,-3.6091962049527258,-1.2393932715842948,-0.5550220126768055,-1.3000432265973256,-3.028971237681487,2.0488690055428034,0,0
40000,0,1.6300000000000001,1.1,-0.45,0.8,2.077646452654862,3.0271050644319812,-3.6581510315427916,-1.206161411782157,-0.565898025916616,-1.3168213063306184,-3.0140255311308044,2.04779078928444,0,0
40000,0,1.6400000000000001,1.1,-0.45,0.8,2.0315707268364207,3.5026180972821006,-3.707193625683511,-1.1725107383623288,-0.5787449409032169,-1.335184751322527,-2.997278060613138,2.0462999818724565,0,0
40000,0,1.6500000000000001,1.1,-0.45,0.8,1.9811244950402007,3.85162983549436,-3.7546254958769176,-1.13808780148927,-0.5935654704892295,-1.3551918430911023,-2.978827592214937,2.04459864076697,0,0
40000,0,1.6600000000000001,1.1,-0.45,0.8,1.9236171528076975,3.8541984878442106,-3.797734070660238,-1.1026604423021589,-0.6102042621505623,-1.3767541884701904,-2.958768770123851,2.04328278111806,0,0
40000,0,1.67,1.1,-0.45,0.8,1.856126408647274,3.858081184294405,-3.8362638805087945,-1.0663681611799778,-0.6285690983096278,-1.3997671821325095,-2.9371723488615946,2.043344834187435,0,0
40000,0,1.68,1.1,-0.45,0.8,1.7781120664294128,3.860116699833114,-3.870413193821161,-1.0292739363170669,-0.6485742970252764,-1.4241405015032134,-2.9141363307580472,2.0436718458601577,0,0
40000,0,1.69,1.1,-0.45,0.8,1.6916420764978768,3.860732869070505,-3.900399568419509,-0.9914054770035639,-0.670131596358399,-1.449807898232158,-2.889713891326892,2.043923863456629,0,0
40000,0,1.7,1.1,-0.45,0.8,1.5956543970173642,3.8598665640669347,-3.9264057882069046,-0.9528518061857854,-0.6932003531549834,-1.4767361522068103,-2.8640104196341016,2.0494899218725764,0,0
40000,0,1.71,1.1,-0.45,0.8,1.4830782748784255,3.8589820909178396,-3.948590374363962,-0.9137005571207764,-0.7177222910237625,-1.504888312907995,-2.8370823432159633,2.062166177499161,0,0
40000,0,1.72,1.1,-0.45,0.8,1.348986073954657,3.860131927265998,-3.9672283799009316,-0.8738247777069101,-0.7435464745082689,-1.5341525554092679,-2.808915609070971,2.0701059310076806,0,0
40000,0,1.73,1.1,-0.45,0.8,1.196069563987052,122.56010622256703,-3.98316888246099,-0.833269935853516,-0.7706161572463173,-1.5644763890567581,-2.7795625654754126,2.0689526451372853,0,0
40000,0,1.74,1.1,-0.45,0.8,1.0330981437065612,130.90303845023377,-3.999909204633096,-0.7931553677837011,-0.7986428520680477,-1.5957766359879153,-2.7491009303627534,2.06493413933763,0,0
40000,0,1.75,1.1,-0.45,0.8,0.867248832674757,133.18935909792484,-4.0185365421311605,-0.7554754687161563,-0.8272106230668215,-1.627736616664599,-2.7175524621370375,2.0643382787709674,0,0
40000,0,1.76,1.1,-0.45,0.8,0.7001074677942253,171.63148167053836,-4.038848850188328,-0.7209352073012084,-0.8567790557495238,-1.6605846767925132,-2.6850216540807113,2.0680079868705032,0,0
40000,0,1.77,1.1,-0.45,0.8,0.5137287072657828,231.88667693921857,-4.0606955092399355,-0.6903576642005078,-0.8851868209972235,-1.6944420892607854,-2.651625925690911,2.069622068398723,0,0
40000,0,1.78,1.1,-0.45,0.8,0.2786933944774916,269.8257039680479,-4.084047412306139,-0.6645820180761763,-0.9099515966222878,-1.7294326171021954,-2.6173024709395305,2.066542537101414,0,0
40000,0,1.79,1.1,-0.45,0.8,0.022777546361278975,6923.9892330999855,-4.108821442367439,-0.6435756216080968,-0.9310852447697677,-1.7653545031055982,-2.582104239428837,2.064405348151916,0,1
