timesteps,target_index,elapsed_time,target_x,target_y,target_z,distance,reward,shoulder_pan_joint,shoulder_lift_joint,elbow_joint,wrist_1_joint,wrist_2_joint,wrist_3_joint,valid_side_hit,top_down_contact,unsafe_robot_failure,safe_target_contact,whip_target_contact
300000,12,0.01,0.95,-0.35,0.85,1.685926324750552,-1.5450161840587517,-0.0008173569633425512,-1.9141530315665283,1.486061209328609,-0.8613567384250064,-1.554349317136172,1.900112682391125e-05,0,0,0,0,0
300000,12,0.02,0.95,-0.35,0.85,1.6858165657180297,-0.19020533750366428,-0.0026407535578322526,-1.914617167353496,1.4831256502184718,-0.861894743290828,-1.5517263530189997,0.00012595990817741243,0,0,0,0,0
300000,12,0.03,0.95,-0.35,0.85,1.6857969884653992,-0.1935243413167529,-0.005491454721058277,-1.9154830910033285,1.478746786963182,-0.8631200671674077,-1.5478305549951388,0.0004399929277386106,0,0,0,0,0
300000,12,0.04,0.95,-0.35,0.85,1.685808491933094,-0.20126571319259634,-0.009374091113190753,-1.9167186192477685,1.4730935777659784,-0.8651721954117163,-1.5427379485414712,0.0009723935125419594,0,0,0,0,0
300000,12,0.05,0.95,-0.35,0.85,1.685799106465363,-0.20072865162083542,-0.014222286989640016,-1.918280846627899,1.4663556229262193,-0.8681989769069743,-1.5365410615029218,0.001730966283658885,0,0,0,0,0
300000,12,0.06,0.95,-0.35,0.85,1.6857758108519225,-0.2005532462010282,-0.019948254109595567,-1.9201265640273883,1.4587319779194086,-0.8723317768591567,-1.529336314707957,0.002734976095694389,0,0,0,0,0
300000,12,0.07,0.95,-0.35,0.85,1.6857363603958628,-0.1942644674678575,-0.026440844328203972,-1.9222073234164516,1.4504472839556553,-0.8776679664668081,-1.5212200547896482,0.0040125177284537905,0,0,0,0,0
300000,12,0.08,0.95,-0.35,0.85,1.6856632854044642,-0.1931991647134456,-0.033588661218798416,-1.924470783447061,1.4417225028363077,-0.8842596913820995,-1.5122773907453302,0.005573209800961141,0,0,0,0,0
300000,12,0.09,0.95,-0.35,0.85,1.68551425952114,-0.19024230235868614,-0.04129701070357733,-1.9268620930179488,1.432755319706023,-0.8921157360319592,-1.5025634452811452,0.0074185467890799115,0,0,0,0,0
300000,12,0.1,0.95,-0.35,0.85,1.6853147727983049,-0.18940798101073078,-0.0494980021708462,-1.929350771915907,1.4237255927726156,-0.9012118861837578,-1.492145195973083,0.009580576364453966,0,0,0,0,0
300000,12,0.11,0.95,-0.35,0.85,1.6849892802116675,-0.1841640462581004,-0.058127116660000866,-1.93192782860235,1.4147686137052071,-0.9115435018607807,-1.4810827831573676,0.012053873229589401,0,0,0,0,0
300000,12,0.12,0.95,-0.35,0.85,1.684530946300537,-0.17863025113715011,-0.06711741635894532,-1.9346053209337393,1.4060388305366018,-0.9230564764447056,-1.469441263120702,0.014856798884373433,0,0,0,0,0
300000,12,0.13,0.95,-0.35,0.85,1.6840873876350797,-0.17969191200159745,-0.07641406309885522,-1.9374458199440696,1.3976473733448547,-0.9356916103346988,-1.457284605008299,0.017980543393588917,0,0,0,0,0
300000,12,0.14,0.95,-0.35,0.85,1.683580465617651,-0.1771916432678376,-0.08595915050984743,-1.9405003680011705,1.389682549914119,-0.9493620380073962,-1.444695533029657,0.02142268264007862,0,0,0,0,0
300000,12,0.15,0.95,-0.35,0.85,1.6830280520681606,-0.17547843334505137,-0.09570268984327801,-1.9438286253755337,1.3822020031657787,-0.9639588457764672,-1.4317615901364809,0.02516760739441351,0,0,0,0,0
300000,12,0.16,0.95,-0.35,0.85,1.682390942950417,-0.17195276358792883,-0.10561499223534294,-1.9474999976114666,1.3752641106441144,-0.979346854172311,-1.418567748667131,0.02919493895570914,0,0,0,0,0
300000,12,0.17,0.95,-0.35,0.85,1.6816501436119244,-0.16655912892709748,-0.11567587623349807,-1.9515540105596743,1.3689164528533655,-0.9953518981456807,-1.405176438957822,0.033448947659962834,0,0,0,0,0
300000,12,0.18,0.95,-0.35,0.85,1.6809236754452472,-0.1673650950614861,-0.1258787362674342,-1.956018549241336,1.3631120639331487,-1.011854816495336,-1.3916394182377136,0.03790747568165637,0,0,0,0,0
300000,12,0.19,0.95,-0.35,0.85,1.6800718962334051,-0.16187557220680526,-0.1362145020604215,-1.9608906092342022,1.3578352331616133,-1.0286835480273686,-1.3779908321160883,0.04255275016891992,0,0,0,0,0
300000,12,0.2,0.95,-0.35,0.85,1.6791155858191567,-0.15730584091471905,-0.14666783645486875,-1.9661929481893148,1.3530591498370093,-1.0456465753386974,-1.3642458373167714,0.04738255718927194,0,0,0,0,0
300000,12,0.21,0.95,-0.35,0.85,1.678166200413545,-0.15763314390650912,-0.15720755340206707,-1.971981288054358,1.3487509852783928,-1.062551754925265,-1.3504255066407609,0.05237891000158549,0,0,0,0,0
300000,12,0.22,0.95,-0.35,0.85,1.6771294648573414,-0.15364390093577732,-0.1677657024368514,-1.9783041106398542,1.3449168033766308,-1.0791770293070349,-1.3365813043647068,0.05752704344517998,0,0,0,0,0
300000,12,0.23,0.95,-0.35,0.85,1.6761763330305184,-0.15726045003129413,-0.1782035446271294,-1.9851971032196865,1.3415546917868697,-1.0952972887863748,-1.322800790504214,0.06289546264789003,0,0,0,0,0
300000,12,0.24,0.95,-0.35,0.85,1.675237489591131,-0.1596210616040658,-0.18833558205588047,-1.9926829479672925,1.338671378941385,-1.1106306756799944,-1.3092092041882142,0.06853703123705288,0,0,0,0,0
300000,12,0.25,0.95,-0.35,0.85,1.6742586545346172,-0.16933762419562357,-0.1979595733875912,-2.000754894231344,1.3361232322474887,-1.1249175647741454,-1.2959262533223372,0.07452654624844662,0,0,0,0,0
300000,12,0.26,0.95,-0.35,0.85,1.6732711397574944,-0.16021685754415999,-0.2068804494762148,-2.0094213759518498,1.3337406873644007,-1.1378695826474374,-1.2830587193470124,0.08090380030394635,0,0,0,0,0
300000,12,0.27,0.95,-0.35,0.85,1.6722601434229456,-0.15514909385688214,-0.21493007177825615,-2.0186686618439653,1.3313255063314382,-1.1493438298429528,-1.2706824645488815,0.08776116887958045,0,0,0,0,0
300000,12,0.28,0.95,-0.35,0.85,1.6711286987106169,-0.14828172580179982,-0.22197337939590261,-2.0284849865931753,1.328632810263322,-1.1591952329816115,-1.2589272118204178,0.09511740139253501,0,0,0,0,0
300000,12,0.29,0.95,-0.35,0.85,1.6699718044358247,-0.1467813255471983,-0.22794233857763585,-2.038867539992781,1.325479127247296,-1.1673449172237091,-1.2479074606498797,0.10299484566201168,0,0,0,0,0
300000,12,0.3,0.95,-0.35,0.85,1.668760726893975,-0.14304927629369693,-0.2328069898556294,-2.049780724595314,1.3217204321070146,-1.173773560683617,-1.237795372421136,0.11141076443792972,0,0,0,0,0
300000,12,0.31,0.95,-0.35,0.85,1.667414557612793,-0.13675739649232696,-0.23650077784149137,-2.0611381836989615,1.317223852265128,-1.1784902895556866,-1.228791828232711,0.12039465790278692,0,0,0,0,0
300000,12,0.32,0.95,-0.35,0.85,1.6660121633897471,-0.13406511094572376,-0.23892256556749988,-2.072811767965407,1.311913984874179,-1.1814600717385637,-1.2210690966847704,0.12994854847300139,0,0,0,0,0
300000,12,0.33,0.95,-0.35,0.85,1.664642592754382,-0.1354262933037787,-0.2401259590964494,-2.0845022119210173,1.3057412914400657,-1.1828069491873943,-1.2149273827476281,0.1401222068385639,0,0,0,0,0
300000,12,0.34,0.95,-0.35,0.85,1.663231571570339,-0.13343367995771171,-0.24026065567608773,-2.0957455795919437,1.298725243203175,-1.1826983780382099,-1.2106286320218207,0.1508673016404061,0,0,0,0,0
300000,12,0.35000000000000003,0.95,-0.35,0.85,1.661745108394056,-0.1299322582305728,-0.23951884484155384,-2.1060134886366546,1.2908680770696526,-1.1814548928503437,-1.2082792376207439,0.162156629801019,0,0,0,0,0
300000,12,0.36,0.95,-0.35,0.85,1.660023987535963,-0.11926937210903872,-0.23828118213387653,-2.1148767997419813,1.2821668357096712,-1.1793724848690705,-1.2078035033428707,0.1737142523934835,0,0,0,0,0
300000,12,0.37,0.95,-0.35,0.85,1.6576877450362326,-0.09147854150019147,-0.23682761742205682,-2.122031212498821,1.2725426077058435,-1.1768002577290846,-1.2089851267486273,0.18504545892944504,0,0,0,0,0
300000,12,0.38,0.95,-0.35,0.85,1.654225172154696,-0.040681814189147514,-0.2350102959423854,-2.1271815585017473,1.2618392987107672,-1.1739715566765834,-1.2115560367248754,0.19566343509040468,0,0,0,0,0
300000,12,0.39,0.95,-0.35,0.85,1.6492365145303785,0.02801814923854154,-0.2325355388593686,-2.130046834946087,1.2499873526145904,-1.1709858155832398,-1.2151749882875937,0.2052130244010429,0,0,0,0,0
300000,12,0.4,0.95,-0.35,0.85,1.6426687063515772,0.0981917465209931,-0.22938101401966624,-2.1305458764172736,1.2373770325382731,-1.1681735244165747,-1.2194672896617496,0.2130802584524097,0,0,0,0,0
300000,12,0.41000000000000003,0.95,-0.35,0.85,1.6351594203930233,0.14075440561894736,-0.22563536753087224,-2.128698060213147,1.224572011770503,-1.166179018632702,-1.2236211548611913,0.21890191136652845,0,0,0,0,0
300000,12,0.42,0.95,-0.35,0.85,1.6278575697762283,0.13158932627629522,-0.2218625988173611,-2.1245763901928183,1.211904781852964,-1.1657527031064105,-1.2269676492150632,0.22252078473703546,0,0,0,0,0
300000,12,0.43,0.95,-0.35,0.85,1.6218908802531722,0.07251457173346143,-0.21902535233457848,-2.1183532018364146,1.1994786281498808,-1.1672914315531802,-1.229129707971717,0.22406405236160123,0,0,0,0,0
300000,12,0.44,0.95,-0.35,0.85,1.6177571452004669,-0.010256793386156343,-0.21780978830843145,-2.1103211500638928,1.18696021324508,-1.1707839956329709,-1.2302419499170794,0.22401718851965446,0,0,0,0,0
300000,12,0.45,0.95,-0.35,0.85,1.6153513384508422,-3.500494373463988,-0.21858109270591325,-2.1010140021956225,1.174195830869487,-1.176392765751777,-1.2307921109742352,0.22297103938459878,0,0,0,0,0
300000,12,0.46,0.95,-0.35,0.85,1.6143974479598673,-3.8191477850289632,-0.22135906142143857,-2.0908153178581537,1.1613459781677584,-1.1839263692471547,-1.2313779313656776,0.22102529253043202,0,0,0,0,0
300000,12,0.47000000000000003,0.95,-0.35,0.85,1.6148768650961791,-7.851979352746814,-0.22610493102357468,-2.0798498550128226,1.148732556117926,-1.1932769569532895,-1.232228720115305,0.21834725440068803,0,0,0,0,0
300000,12,0.48,0.95,-0.35,0.85,1.6164630923362953,-7.616741068649404,-0.2328545875619108,-2.068138828563384,1.1365784560353267,-1.2044131506757658,-1.2334226096692475,0.21543409103446004,0,0,0,0,0
300000,12,0.49,0.95,-0.35,0.85,1.6191464279452399,-7.455081865341845,-0.24156635671979193,-2.0557313191116005,1.1250864023661196,-1.217205148976453,-1.2348871193930937,0.21268458674814386,0,0,0,0,0
300000,12,0.5,0.95,-0.35,0.85,1.6228084739030597,-7.314043804760789,-0.2522159202519664,-2.042642819421779,1.1141794852132676,-1.2315289559781064,-1.2366593739711444,0.21039138016999612,0,0,0,0,0
300000,12,0.51,0.95,-0.35,0.85,1.6275287631863684,-7.309928175195874,-0.2647409225846117,-2.0288324365078814,1.103740446682841,-1.2472621336405219,-1.2387847298974557,0.20874460771519243,0,0,0,0,0
300000,12,0.52,0.95,-0.35,0.85,1.6331510938033778,-7.313856398264577,-0.27905576108723906,-2.0142819638210976,1.0937945184913904,-1.2643191385408352,-1.2412983790660432,0.2078893094121026,0,0,0,0,0
300000,12,0.53,0.95,-0.35,0.85,1.6398333006309929,-7.512777918951313,-0.29505519440819206,-1.999048061043832,1.0843843617573863,-1.2824869956319966,-1.244139763474814,0.20783062630851254,0,0,0,0,0
300000,12,0.54,0.95,-0.35,0.85,1.647452874523345,-7.752537185209743,-0.31263283173347306,-1.9832900974365615,1.0756300609261091,-1.3014252374457966,-1.2471925754931492,0.20839930924784456,0,0,0,0,0
300000,12,0.55,0.95,-0.35,0.85,1.656071188143766,-8.168544504798925,-0.3316873067829854,-1.96720889970077,1.0677564392435042,-1.3210399551777,-1.2503320261415185,0.20929200247383564,0,0,0,0,0
300000,12,0.56,0.95,-0.35,0.85,1.6653167449859352,-8.495729376555197,-0.3521329749287518,-1.9509667448031565,1.061048612242886,-1.3412489817190791,-1.253470910877801,0.2104066381733412,0,0,0,0,0
300000,12,0.5700000000000001,0.95,-0.35,0.85,1.6749599330729779,-8.878851989529682,-0.373911068139513,-1.9347618624110166,1.0557481993925484,-1.361925956260245,-1.2563956440395956,0.21172648912772046,0,0,0,0,0
300000,12,0.58,0.95,-0.35,0.85,1.6844943394347383,-9.273181027443666,-0.3970241285966008,-1.9188934783735367,1.0520431555920842,-1.383059213795936,-1.258994763170548,0.2133999919752934,0,0,0,0,0
300000,12,0.59,0.95,-0.35,0.85,1.6932063176331327,-9.53156667488369,-0.42142130397544114,-1.903732850594042,1.0500569625978635,-1.4047132354461414,-1.2611127092969665,0.21552728230954582,0,0,0,0,0
300000,12,0.6,0.95,-0.35,0.85,1.7003221486884967,-9.773219678510102,-0.4470533803482474,-1.889887739173691,1.0498967525115817,-1.4265959956938015,-1.2625002213708416,0.2177037366901919,0,0,0,0,0
300000,12,0.61,0.95,-0.35,0.85,1.7050472843256228,-9.857514305172803,-0.47379218593445577,-1.8779397271027907,1.0517277275196744,-1.4485516298927885,-1.2630538746615905,0.21956559599148318,0,0,0,0,0
300000,12,0.62,0.95,-0.35,0.85,1.7067501775447578,-9.949440502460677,-0.5014759410885973,-1.8679169843736823,1.0554942115539383,-1.4707309579156835,-1.2624581093410938,0.22106282349767725,0,0,0,0,0
300000,12,0.63,0.95,-0.35,0.85,1.705390704442755,-4.089367585065424,-0.5295435642139716,-1.85914353335629,1.0609023886077618,-1.4932115518306521,-1.260728105145331,0.22224079719771533,0,0,0,0,0
300000,12,0.64,0.95,-0.35,0.85,1.700987588344956,-3.363035936783393,-0.5569821575223073,-1.8509395485355271,1.0677722164236942,-1.5160724582202367,-1.2578778241973134,0.22281212561360964,0,0,0,0,0
300000,12,0.65,0.95,-0.35,0.85,1.693961489843931,0.10964748071431946,-0.5824446384311953,-1.843421899972565,1.0760676491090326,-1.5390361787667264,-1.2540679798078016,0.2223781307585696,0,0,0,0,0
300000,12,0.66,0.95,-0.35,0.85,1.6847968962557285,0.2065495528891101,-0.6050723772254026,-1.8370224511045474,1.0858633295925972,-1.5609947564273674,-1.249649642262539,0.2205875686684188,0,0,0,0,0
300000,12,0.67,0.95,-0.35,0.85,1.6739284425945558,0.2861420920956123,-0.6245133525025409,-1.8320883032019966,1.0972913206912895,-1.58074763958797,-1.2447394438223303,0.21720086724211846,0,0,0,0,0
300000,12,0.68,0.95,-0.35,0.85,1.6617968325295278,0.3446586511744271,-0.6406688833106051,-1.8287539924453022,1.1103981280116322,-1.5975429721414447,-1.239284849433966,0.21215720681329808,0,0,0,0,0
300000,12,0.6900000000000001,0.95,-0.35,0.85,1.6488089562667523,0.3843097884016999,-0.6535839301759587,-1.826939455554199,1.1251402335746385,-1.6112401495187532,-1.2331498198373432,0.20535525289234263,0,0,0,0,0
300000,12,0.7000000000000001,0.95,-0.35,0.85,1.6352180066234658,0.4119515277686118,-0.6633694012271348,-1.8264557926291292,1.1414456502901495,-1.6218753806375774,-1.2260488094124204,0.1969121645559162,0,0,0,0,0
300000,12,0.71,0.95,-0.35,0.85,1.621276852332915,0.427721065241299,-0.6701296150429719,-1.8269847013765295,1.1592078411261888,-1.629553276475859,-1.2176702182412942,0.18694050705827392,0,0,0,0,0
300000,12,0.72,0.95,-0.35,0.85,1.6071687417456078,0.4347564229807838,-0.6739855383769127,-1.8281161204806742,1.1783276466263741,-1.6343995589845648,-1.2078130497348643,0.17547624263896586,0,0,0,0,0
300000,12,0.73,0.95,-0.35,0.85,1.5930260700864656,19.718007438751265,-0.6750738497729446,-1.829468919061347,1.1987393160926187,-1.6365225042186038,-1.196371987025007,0.16272960505339473,0,0,0,0,0
300000,12,0.74,0.95,-0.35,0.85,1.5789888703097277,19.252381714590726,-0.6735345359312732,-1.8307388782539922,1.2203449938704425,-1.6360478603741133,-1.183300898535147,0.14881833188348192,0,0,0,0,0
300000,12,0.75,0.95,-0.35,0.85,1.5651502359318465,18.530042649335634,-0.6694902660401865,-1.831581913632588,1.2429843449292726,-1.6330969644335596,-1.1686385810064326,0.1340652110572299,0,0,0,0,0
300000,12,0.76,0.95,-0.35,0.85,1.5515750331046223,17.62173287855795,-0.6630615535062059,-1.831577921255892,1.266433829253397,-1.6277811931883144,-1.1524266293624978,0.1187748296427441,0,0,0,0,0
300000,12,0.77,0.95,-0.35,0.85,1.5383684704125464,16.431239928117574,-0.6543822586947239,-1.830359309033169,1.2904023443835355,-1.6202092788636342,-1.1347147438144451,0.10309919076804847,0,0,0,0,0
300000,12,0.78,0.95,-0.35,0.85,1.5255879027113721,15.137032433201696,-0.643604576146897,-1.8277840180030815,1.3144780059916719,-1.6104478207267219,-1.1155820105798402,0.08724941617487947,0,0,0,0,0
300000,12,0.79,0.95,-0.35,0.85,1.5132936637748113,13.760190498311301,-0.6308599980166815,-1.8239144414413146,1.3380788289912022,-1.5985711381203036,-1.0950770622175454,0.07169292561528799,0,0,0,0,0
300000,12,0.8,0.95,-0.35,0.85,1.5015689231097762,12.26663115394107,-0.6162690330319899,-1.8189996457611204,1.3608933755991286,-1.5846971512801555,-1.0732416396327933,0.05682015710616245,0,0,0,0,0
300000,12,0.81,0.95,-0.35,0.85,1.4904902984626458,10.708637688172892,-0.599967880180958,-1.8134114975771125,1.3831806353088445,-1.568965858343225,-1.0501048499820678,0.04308191881802125,0,0,0,0,0
300000,12,0.8200000000000001,0.95,-0.35,0.85,1.4801220099366763,9.147033410971456,-0.5821802447144074,-1.8075789897749088,1.4054931522171645,-1.551483860678353,-1.0257027986561507,0.030763492592154718,0,0,0,0,0
300000,12,0.8300000000000001,0.95,-0.35,0.85,1.4705227233567122,7.622942500070429,-0.5632635626030227,-1.802058474965104,1.4284442303793838,-1.5323292095831866,-1.0000997697516716,0.020029638861546316,0,0,0,0,0
300000,12,0.84,0.95,-0.35,0.85,1.4617572727506167,6.169422392267149,-0.54358110777681,-1.7974466716811184,1.452382456009663,-1.5115573726072624,-0.9733978925175301,0.01111603351251063,0,0,0,0,0
300000,12,0.85,0.95,-0.35,0.85,1.453904237993531,4.7333089457118875,-0.5236091131094908,-1.7943061915179668,1.477404866908616,-1.4892355371855577,-0.9457092369074684,0.004347037663901171,0,0,0,0,0
300000,12,0.86,0.95,-0.35,0.85,1.447012931007511,3.258771081151458,-0.5041886677032096,-1.7931469591951568,1.5035541473312222,-1.4654506226528263,-0.9171483754120093,-0.00015141077089298274,0,0,0,0,0
300000,12,0.87,0.95,-0.35,0.85,1.4411473084369482,1.9140648508598124,-0.4859034915767627,-1.794198864472642,1.5307269500834368,-1.4402814804308506,-0.8878099577000528,-0.00246005701086417,0,0,0,0,0
300000,12,0.88,0.95,-0.35,0.85,1.4363652190447547,0.7181360429258987,-0.4691863737201165,-1.7975130067230263,1.5588275458511693,-1.4138090098857896,-0.8577399292147887,-0.002760953542558807,0,0,0,0,0
300000,12,0.89,0.95,-0.35,0.85,1.4327130798780747,-0.2933979509181192,-0.4544511097946899,-1.8030621893032275,1.587753090872023,-1.38609995160644,-0.8270177248456484,-0.0012928123841430069,0,0,0,0,0
300000,12,0.9,0.95,-0.35,0.85,1.4302651135193643,-1.13159602321569,-0.4420387973709661,-1.8108038983326784,1.617451131825929,-1.357213181751091,-0.795790848624028,0.00181475087169723,0,0,0,0,0
300000,12,0.91,0.95,-0.35,0.85,1.4287825145881508,-1.6489182514855711,-0.43203364926886595,-1.8206800040191558,1.6478164631397614,-1.3272043511980622,-0.7643379948082293,0.006366604894480661,0,0,0,0,0
300000,12,0.92,0.95,-0.35,0.85,1.428013862706274,-2.034815669527832,-0.42424572388150733,-1.8326176741637021,1.6787072210560292,-1.2961280809531146,-0.7329864353365096,0.012070541684126941,0,0,0,0,0
300000,12,0.93,0.95,-0.35,0.85,1.4315085568847767,-12.878765826109726,-0.41825290182538627,-1.846514712202546,1.7099157515665475,-1.2640346816776284,-0.702407089481355,0.018581442646886073,0,0,0,0,0
300000,12,0.9400000000000001,0.95,-0.35,0.85,1.4404441626343842,-11.005510475779008,-0.41334381656233715,-1.8622781212052193,1.7413334017885989,-1.230984278411657,-0.6730831557418877,0.025696254014765184,0,0,0,0,0
300000,12,0.9500000000000001,0.95,-0.35,0.85,1.442587682676067,-3.927127016032755,-0.4100259511021438,-1.8796722921424833,1.770567527608583,-1.1968196500897028,-0.64482091370723,0.033247553709592516,0,0,0,0,0
300000,12,0.96,0.95,-0.35,0.85,1.4407099245129529,0.1476665698639309,-0.40631823208209905,-1.8984876703701803,1.7961519961546024,-1.1617413089700055,-0.6193320332229795,0.041744894666058345,0,0,0,0,0
300000,12,0.97,0.95,-0.35,0.85,1.4378681696741844,0.8951605702686796,-0.40145479214887,-1.9188540781512193,1.818082919561185,-1.1258763211313512,-0.5973236847530234,0.0508613115017444,0,0,0,0,0
300000,12,0.98,0.95,-0.35,0.85,1.4350181161280426,0.8901048756167604,-0.3951974357519611,-1.9406333240547824,1.83660266648852,-1.0892651042123214,-0.5787733324658219,0.06043919833381614,0,0,0,0,0
300000,12,0.99,0.95,-0.35,0.85,1.4330006347393927,0.0532401160850135,-0.38737094929883936,-1.963606009975385,1.8518385437472569,-1.051947583921423,-0.5635361173994241,0.0706312850735571,0,0,0,0,0
300000,12,1.0,0.95,-0.35,0.85,1.4321528152516976,-0.7444358828805535,-0.37782584118481577,-1.9874575248535757,1.8639031979007545,-1.0139479278555723,-0.5514469614922907,0.08115166204878722,0,0,0,0,0
300000,12,1.01,0.95,-0.35,0.85,1.4323530296489635,-4.872189768035952,-0.3664562482043462,-2.0117426068944506,1.8728715695051656,-0.975312196965644,-0.5423281557799644,0.0918128479094767,0,0,0,0,0
300000,12,1.02,0.95,-0.35,0.85,1.4336416695275873,-4.78026306537736,-0.3532431550235657,-2.035907924045021,1.8788731401975447,-0.9360603469969557,-0.536048863714134,0.10214066662705525,0,0,0,0,0
300000,12,1.03,0.95,-0.35,0.85,1.435958847606688,-4.691984408347396,-0.33821378373741606,-2.059413670933726,1.8820343770833357,-0.8962324545901603,-0.5324919186455228,0.1121893793415725,0,0,0,0,0
300000,12,1.04,0.95,-0.35,0.85,1.4393169500034582,-4.586664530129985,-0.3214576189466703,-2.081927179601329,1.8825309105014272,-0.8558437824773464,-0.5315383402756796,0.12177729752235021,0,0,0,0,0
300000,12,1.05,0.95,-0.35,0.85,1.443654375877517,-4.538850218223492,-0.30308733596602894,-2.1034806910047057,1.8805165985700123,-0.814943507305334,-0.5330657106275066,0.13089075617664023,0,0,0,0,0
300000,12,1.06,0.95,-0.35,0.85,1.4489616489692272,-4.530279643822084,-0.28319231945863194,-2.1242950637745364,1.876146339660384,-0.773561318331103,-0.537185112865714,0.13926767862569472,0,0,0,0,0
300000,12,1.07,0.95,-0.35,0.85,1.4553313132400831,-4.623900011209115,-0.2618739647146103,-2.144721903733646,1.8695384031968934,-0.7317579577014027,-0.5435365163199057,0.1466545002148165,0,0,0,0,0
300000,12,1.08,0.95,-0.35,0.85,1.4626668746219664,-4.7382080676893725,-0.23924369312520666,-2.1650851989462616,1.8608221346165121,-0.6895647958205132,-0.5520075151796182,0.15272269750208137,0,0,0,0,0
300000,12,1.09,0.95,-0.35,0.85,1.47078550526241,-4.8653361454224315,-0.21545039889620993,-2.1857164952922954,1.8501107194899706,-0.6470452072699099,-0.562461412598557,0.1575058641283881,0,0,0,0,0
300000,12,1.1,0.95,-0.35,0.85,1.4796495342358569,-5.487045795699551,-0.19063942691967498,-2.2068624740085925,1.8375151114589352,-0.6042541291495944,-0.5745245376743254,0.16101379885860861,0,0,0,0,0
300000,12,1.11,0.95,-0.35,0.85,1.4888280154256548,-5.548112689525932,-0.16502983192867293,-2.2286559073437227,1.8231080193240905,-0.5613054271304287,-0.588204079942009,0.16327525814731617,0,0,0,0,0
300000,12,1.12,0.95,-0.35,0.85,1.4977080294983238,-5.384425610122898,-0.13889881462934653,-2.251052443704314,1.8069553285978313,-0.5182847433480002,-0.6032839349211174,0.16418942862112326,0,0,0,0,0
300000,12,1.1300000000000001,0.95,-0.35,0.85,1.505753839367947,-5.01988797910574,-0.1125041334857271,-2.2737934556796393,1.7891267548300804,-0.4752688389357478,-0.6195401613118621,0.16366915115246813,0,0,0,0,0
300000,12,1.1400000000000001,0.95,-0.35,0.85,1.512402035407377,-4.555181754687664,-0.08611181875483521,-2.296620731132427,1.7697301505519145,-0.43236103137665755,-0.636737463642505,0.1616716045853428,0,0,0,0,0
300000,12,1.1500000000000001,0.95,-0.35,0.85,1.517590525485013,-4.346184652148057,-0.060021268538474934,-2.3194288628328112,1.7488696547479912,-0.3897813051401051,-0.6546874045410422,0.15825979169239554,0,0,0,0,0
300000,12,1.16,0.95,-0.35,0.85,1.5236320621837953,-4.597056942296929,-0.034660453309731394,-2.342143639643147,1.726597784449478,-0.34764270116046936,-0.673249538699684,0.15357998107181967,0,0,0,0,0
300000,12,1.17,0.95,-0.35,0.85,1.530027827748598,-4.785984540754968,-0.010049599137308468,-2.3644411316380456,1.702961070778586,-0.3062173683885782,-0.6921792386069531,0.14753137267608227,0,0,0,0,0
300000,12,1.18,0.95,-0.35,0.85,1.534893250083333,-4.583822811092274,0.01378777846947026,-2.385959684254556,1.678022008911275,-0.2657579288402307,-0.7113201921798608,0.13995783279513127,0,0,0,0,0
300000,12,1.19,0.95,-0.35,0.85,1.5374769381147337,-5.257825305223745,0.03690939047307251,-2.4068695080138913,1.6518510956036516,-0.22597172686542039,-0.7308077693627103,0.13088146699467576,0,0,0,0,0
300000,12,1.2,0.95,-0.35,0.85,1.5391849749531794,-5.44552126757045,0.05912610741556839,-2.4272234221644218,1.624426723043536,-0.18682278137822775,-0.7510048098623636,0.12082910100420931,0,0,0,0,0
300000,12,1.21,0.95,-0.35,0.85,1.5413105954904645,-5.294197929462302,0.08053941595979743,-2.4468086905960194,1.595789344832118,-0.14818980938912665,-0.771758266805915,0.11002619880803718,0,0,0,0,0
300000,12,1.22,0.95,-0.35,0.85,1.5456511917037146,-5.516023658001029,0.10135112242472234,-2.4653510249593364,1.566005692099,-0.11033675232417729,-0.7928736163523417,0.09844780313534195,0,0,0,0,0
300000,12,1.23,0.95,-0.35,0.85,1.552062487427338,-5.8787605619301795,0.1214332439606668,-2.4823425602039606,1.5351516321225773,-0.07425080296623568,-0.8142059340443436,0.08633908308407198,0,0,0,0,0
300000,12,1.24,0.95,-0.35,0.85,1.560120598964602,-6.187506408753425,0.14047244421189606,-2.497400376500151,1.503397592742186,-0.040977823472222986,-0.8353156660788537,0.07390385119248452,0,0,0,0,0
300000,12,1.25,0.95,-0.35,0.85,1.5698150583299137,-6.521341245149624,0.15813438330524315,-2.510331927677802,1.4709493703888796,-0.011037001029710024,-0.8554793475665576,0.06137336372175951,0,0,0,0,0
300000,12,1.26,0.95,-0.35,0.85,1.5796877170126213,-6.649199684158448,0.17410442704510848,-2.5210632682466905,1.4383073570319742,0.01528016873377993,-0.874163206098117,0.049014648518637044,0,0,0,0,0
300000,12,1.27,0.95,-0.35,0.85,1.5907202229813595,-7.489568257289517,0.18823404760062598,-2.529538021256881,1.4062494163001151,0.03797695330215296,-0.8911567853349659,0.03711647533037347,0,0,0,0,0
300000,12,1.28,0.95,-0.35,0.85,1.604740941982091,-9.350063366987024,0.2006180960790098,-2.535670676248026,1.3758308840195077,0.057151548918589284,-0.9062384623955857,0.026448748395086787,0,0,0,0,0
300000,12,1.29,0.95,-0.35,0.85,1.6200808366296457,-11.435314405934887,0.21239263953122897,-2.5392504506988978,1.3481095775850074,0.07294612519673613,-0.9192752876664066,0.01710271138351684,0,0,0,0,0
300000,12,1.3,0.95,-0.35,0.85,1.6345160566743873,-13.739885389678065,0.2250559375227236,-2.540110851368848,1.3235261696082838,0.08570190929845233,-0.9301262527026352,0.008900441639347877,0,0,0,0,0
300000,12,1.31,0.95,-0.35,0.85,1.6431377944707442,-15.71977475296372,0.23933614419927507,-2.5383523589762915,1.302292315378383,0.09738656199605339,-0.939366011791252,0.0003747222171284676,0,0,0,0,0
300000,12,1.32,0.95,-0.35,0.85,1.6405706787605243,-2.9487594577245444,0.2553567082207246,-2.534027600591833,1.2839455548349143,0.110561286854304,-0.946907682280069,-0.009360792012327555,0,0,0,0,0
300000,12,1.33,0.95,-0.35,0.85,1.6261299815427819,-0.2820906718254921,0.27298697887176865,-2.527063197652055,1.2657230819805385,0.12561583591198403,-0.9522562344666312,-0.021010059528607333,0,0,0,0,0
300000,12,1.34,0.95,-0.35,0.85,1.6044492295669162,0.31876897500013407,0.29206630216498414,-2.517717096685485,1.246109750443719,0.14243849867589767,-0.9552631829917281,-0.03429033154834975,0,0,0,0,0
300000,12,1.35,0.95,-0.35,0.85,1.5797595893966423,25.273816036424247,0.31255938324441634,-2.50626047779342,1.2249651139410154,0.1608735030261347,-0.956283827255963,-0.04915073204164264,0,0,0,0,0
300000,12,1.36,0.95,-0.35,0.85,1.5540466276553095,28.659470386770778,0.3345324717268482,-2.4928765672924196,1.2028571748319508,0.18077614218165441,-0.955485111726406,-0.06558025806448033,0,0,0,0,0
300000,12,1.37,0.95,-0.35,0.85,1.5282983286559904,30.06258780382099,0.3579992178677699,-2.4778142188039047,1.1813478110459703,0.20200657449380785,-0.9526892278203951,-0.08344286280158808,0,0,0,0,0
300000,12,1.3800000000000001,0.95,-0.35,0.85,1.5030807460042552,30.092053130968768,0.38290124794929814,-2.4611112990174413,1.16139513239438,0.2242771252500343,-0.9478704180331856,-0.10285378565573611,0,0,0,0,0
300000,12,1.3900000000000001,0.95,-0.35,0.85,1.478693524945807,29.34007954518009,0.4091204365524464,-2.44273113835127,1.1431150027008539,0.247352683201234,-0.9411709101485746,-0.12363283929662933,0,0,0,0,0
300000,12,1.4000000000000001,0.95,-0.35,0.85,1.4553458323574469,28.029198697878737,0.43647090508201836,-2.422735425196161,1.1265758443581637,0.27117870259930726,-0.9327608317295947,-0.14563708460986144,0,0,0,0,0
300000,12,1.41,0.95,-0.35,0.85,1.4331611133545594,26.29211984905891,0.4645983882128268,-2.401169220918253,1.1115347412348644,0.29571761185362344,-0.9228223508351852,-0.16844779605260016,0,0,0,0,0
300000,12,1.42,0.95,-0.35,0.85,1.412178346706672,24.34776322481905,0.49304640452704424,-2.378108553941621,1.0976541833807125,0.32086618991661026,-0.9113829897512683,-0.19159820026017027,0,0,0,0,0
300000,12,1.43,0.95,-0.35,0.85,1.3923927200953112,22.3633701000385,0.5212277666357547,-2.353669112572267,1.0847407210896884,0.34641798117439176,-0.8985278446937262,-0.214528036618373,0,0,0,0,0
300000,12,1.44,0.95,-0.35,0.85,1.3737047468264925,20.54093876066398,0.5485841883460708,-2.327987840334271,1.0730041335095863,0.3721263566213048,-0.8843008149818594,-0.2373135135291468,0,0,0,0,0
300000,12,1.45,0.95,-0.35,0.85,1.3559690670878282,19.0787723815855,0.5746008698085823,-2.3011507622374276,1.0626744869460338,0.39773079866327077,-0.8687016270527919,-0.2598934086409749,0,0,0,0,0
300000,12,1.46,0.95,-0.35,0.85,1.3389828906772299,18.124924097977335,0.598711867189151,-2.2732907833385823,1.0539203843250438,0.4233138918333883,-0.8517255465935303,-0.28225536774332594,0,0,0,0,0
300000,12,1.47,0.95,-0.35,0.85,1.3224256012536082,17.917132975285625,0.6203060948425828,-2.24470209627803,1.0469871694585757,0.449010293355051,-0.8333344968122272,-0.3044201134840859,0,0,0,0,0
300000,12,1.48,0.95,-0.35,0.85,1.305882876543234,18.524206385178612,0.6388946784889619,-2.215830551483095,1.0420268815935063,0.4749947501675145,-0.8135402611750778,-0.32641098339063834,0,0,0,0,0
300000,12,1.49,0.95,-0.35,0.85,1.288940784418019,20.00485778214644,0.6542516121473252,-2.1873634636396395,1.0392203669964781,0.5013269192166657,-0.7923825798614506,-0.3483923613289264,0,0,0,0,0
300000,12,1.5,0.95,-0.35,0.85,1.2712530318390793,21.97063834321676,0.6663657333399705,-2.160138605094729,1.0386312045253425,0.5281182825991948,-0.7699792445196487,-0.37080169219470294,0,0,0,0,0
300000,12,1.51,0.95,-0.35,0.85,1.2527151168391546,23.9427189296602,0.6753073612002748,-2.134924205887288,1.04026675856811,0.5554844491474635,-0.7465424349666816,-0.39384917730384955,0,0,0,0,0
300000,12,1.52,0.95,-0.35,0.85,1.2333376575016746,53.86771521561054,0.6811969449214961,-2.1122252936254737,1.0440395045905515,0.5834662890623238,-0.7223294751680603,-0.4175550225292456,0,0,0,0,0
300000,12,1.53,0.95,-0.35,0.85,1.2132343516731678,56.431419855125945,0.6842051318316706,-2.092167549264537,1.0495606047326038,0.6120629432893766,-0.6974969998744478,-0.44211389367274917,0,0,0,0,0
300000,12,1.54,0.95,-0.35,0.85,1.1925018291738125,58.24877373509629,0.6844901155008467,-2.0746704715567184,1.056320787855446,0.6412400554608613,-0.6721887838929382,-0.46750740704433924,0,0,0,0,0
300000,12,1.55,0.95,-0.35,0.85,1.1712354281921984,59.408563445917316,0.6821875212899958,-2.0596114532928347,1.0637546282480561,0.67090376861331,-0.646384526708798,-0.4937954957509652,0,0,0,0,0
300000,12,1.56,0.95,-0.35,0.85,1.1494437762282783,60.311209590455285,0.6774234676547214,-2.0468814676600666,1.071194559322932,0.7009379134101177,-0.6199802510133822,-0.5208540585627518,0,0,0,0,0
300000,12,1.57,0.95,-0.35,0.85,1.1271529953537416,60.902586827294634,0.670328326914728,-2.0364227610093955,1.0782517461725472,0.7312460604620866,-0.5928696889137803,-0.5485338256664183,0,0,0,0,0
300000,12,1.58,0.95,-0.35,0.85,1.1043877323335933,61.46647369504362,0.6610347146482399,-2.0280404574111794,1.0844918715214829,0.7617709628717371,-0.5649859100650686,-0.5767366540421959,0,0,0,0,0
300000,12,1.59,0.95,-0.35,0.85,1.0811728558699831,61.560830593130035,0.6496706601441915,-2.021467458890691,1.0898024038705019,0.7924617181316491,-0.5363067334405424,-0.6053504018649205,0,0,0,0,0
300000,12,1.6,0.95,-0.35,0.85,1.0575660938104208,60.802336511945654,0.6363485416559118,-2.0163415149916086,1.0941627775553482,0.8232439120711531,-0.5068213079712027,-0.6341857951146885,0,0,0,0,0
300000,12,1.61,0.95,-0.35,0.85,1.0336893007165724,71.83720919010155,0.6211522146482533,-2.012371315031106,1.097637455399583,0.8541358352750303,-0.47652329026757645,-0.6631019343669059,0,0,0,0,0
300000,12,1.62,0.95,-0.35,0.85,1.0097055008837232,69.93221596251364,0.6041646649729374,-2.0093167958813263,1.1002600221162246,0.8851681936178335,-0.44540926090898425,-0.6923528740997158,0,0,0,0,0
300000,12,1.6300000000000001,0.95,-0.35,0.85,0.9859383695644487,66.54489893697362,0.5854728313111385,-2.006999439399522,1.1022009661512961,0.9163785724417471,-0.413467245661285,-0.7216236172759617,0,0,0,0,0
300000,12,1.6400000000000001,0.95,-0.35,0.85,0.9626524067093354,62.283228629274944,0.5651591513091744,-2.0052488312617234,1.1037201443320859,0.9477111738211969,-0.3806809011974078,-0.7513986082934614,0,0,0,0,0
300000,12,1.6500000000000001,0.95,-0.35,0.85,0.9402177762651888,56.89108863947416,0.5432786612023868,-2.00400498632242,1.1048787637005018,0.9791498122659534,-0.34706506796348363,-0.7814448863311637,0,0,0,0,0
300000,12,1.6600000000000001,0.95,-0.35,0.85,0.9186878912812178,51.89614822766461,0.5198923856678617,-2.003304908467693,1.1054681358165295,1.0106409818617528,-0.3126488808378481,-0.8123979619786862,0,0,0,0,0
300000,12,1.67,0.95,-0.35,0.85,0.8981127386541353,47.47154948806788,0.49508153769781243,-2.0032307383106662,1.1054886705292986,1.0421694960861079,-0.2774744661089101,-0.8441364817388864,0,0,0,0,0
300000,12,1.68,0.95,-0.35,0.85,0.8781160592959221,45.08226456623869,0.4689378298395817,-2.003765665015315,1.105257705323146,1.0737170391727662,-0.24158925218494984,-0.8768854412491469,0,0,0,0,0
300000,12,1.69,0.95,-0.35,0.85,0.858452000211961,42.58574823921217,0.4415666756838077,-2.0046617443615156,1.1053136029119284,1.104689993102245,-0.2050526927158898,-0.9100796257953448,0,0,0,0,0
300000,12,1.7,0.95,-0.35,0.85,0.8389142760736458,41.56542388506024,0.4129866045091538,-2.005672816292256,1.1054693301791734,1.1341183185741488,-0.16802648767940287,-0.943931242812962,0,0,0,0,0
300000,12,1.71,0.95,-0.35,0.85,0.8212941676315395,34.18415128146477,0.3832953954314225,-2.0063515659149083,1.1050419786136938,1.160627369908191,-0.1315408783648595,-0.9770178659432159,0,0,0,0,0
300000,12,1.72,0.95,-0.35,0.85,0.8071002509447932,21.77949702088295,0.3525468824230883,-2.00605992962087,1.1028226171123878,1.183506731694268,-0.09624658629186789,-1.0079065142189327,0,0,0,0,0
300000,12,1.73,0.95,-0.35,0.85,0.7973044671616905,10.395921386043286,0.3208084515455772,-2.004427831864194,1.0982498342038118,1.2027739454365567,-0.06186872845207921,-1.037009763072278,0,0,0,0,0
300000,12,1.74,0.95,-0.35,0.85,0.7922013938152059,0.7874820046620643,0.2881510164498771,-2.0014730449627227,1.091397015453279,1.218577315791836,-0.029284107088566224,-1.0659099674291932,0,0,0,0,0
300000,12,1.75,0.95,-0.35,0.85,0.7921966558813568,-14.050176263719687,0.25485527684512344,-1.9973958993982048,1.0824188123352219,1.2310773980234988,0.002709009445825761,-1.095203857086318,0,0,0,0,0
300000,12,1.76,0.95,-0.35,0.85,0.7968139749537793,-13.728609586425609,0.2211839530724049,-1.9925337336993296,1.071505718231543,1.240412979222922,0.03423128475044889,-1.1254323178147116,0,0,0,0,0
300000,12,1.77,0.95,-0.35,0.85,0.8056777049809266,-13.574210657015142,0.18744215759960625,-1.9872741389357802,1.0587654134093485,1.2467366453816964,0.06465616324036218,-1.1564238368825273,0,0,0,0,0
300000,12,1.78,0.95,-0.35,0.85,0.8184139505106018,-13.575909858850629,0.15380458256891194,-1.9821221083069818,1.0442799704448782,1.2502008746394802,0.09319065715703166,-1.188036426505348,0,0,0,0,0
300000,12,1.79,0.95,-0.35,0.85,0.8342750640148707,-13.572979200382777,0.12031521203509071,-1.9774772679515331,1.028078802425601,1.250984228560775,0.12022118842494173,-1.2202537824002249,0,0,0,0,0
300000,12,1.8,0.95,-0.35,0.85,0.8525499287405867,-13.574640809311443,0.08811615158438553,-1.9731161457853656,1.0101202869276518,1.2492543377765832,0.1462742608742415,-1.2530825054293089,0,0,0,0,0
300000,12,1.81,0.95,-0.35,0.85,0.8724702638101166,-17.571143046775372,0.05868584982216997,-1.968048949940871,0.9903199200143757,1.2452031110062558,0.17168435486850295,-1.2860066125760148,0,0,0,0,0
300000,12,1.82,0.95,-0.35,0.85,0.8934746814036182,-17.619184550834774,0.03261079191168995,-1.9614335878895588,0.9688082081816726,1.2389289106816626,0.19637284309728423,-1.3192315181550354,0,0,0,0,0
300000,12,1.83,0.95,-0.35,0.85,0.9149004220488709,-17.637188919541437,0.010009475678258564,-1.9529297839964275,0.9457495718634236,1.2304972473024094,0.22001781869126533,-1.3519684162318317,0,0,0,0,0
300000,12,1.84,0.95,-0.35,0.85,0.93638035768438,-17.59019604223055,-0.00922127157236427,-1.9424615026399568,0.9212594035017444,1.2200163356576745,0.2423196421926387,-1.3830107941111416,0,0,0,0,0
300000,12,1.85,0.95,-0.35,0.85,0.9576270899943585,-16.76447994482571,-0.02522327248736755,-1.9300419177348076,0.8954472534544798,1.2075861625168454,0.2628831338616136,-1.411909471639872,0,0,0,0,0
300000,12,1.86,0.95,-0.35,0.85,0.9784217317838637,-15.945842922826102,-0.03812206778605538,-1.915754295521679,0.8684480398930242,1.193348047363165,0.28127623983603867,-1.4381308127150527,0,0,0,0,0
300000,12,1.87,0.95,-0.35,0.85,0.9987061856253624,-15.171116790347774,-0.04805498098928714,-1.8997123095759043,0.8404012109686047,1.1774577465941864,0.2973865576828595,-1.4614142625083293,0,0,0,0,0
300000,12,1.8800000000000001,0.95,-0.35,0.85,1.0183344442289148,-14.39734719615448,-0.05527839448360001,-1.8820939796923364,0.811544225022037,1.1601028249505978,0.3114037192467489,-1.481846350615791,0,0,0,0,0
300000,12,1.8900000000000001,0.95,-0.35,0.85,1.0372715560292138,-13.667517617254278,-0.06022463770199949,-1.8631492672091545,0.7822213508623658,1.1413869427789116,0.32346312820519446,-1.4993083829665577,0,0,0,0,0
300000,12,1.9000000000000001,0.95,-0.35,0.85,1.0555386444218227,-12.992064623348927,-0.06347344547543995,-1.8432322672000914,0.7530025822998504,1.1214088285412747,0.33395472557227085,-1.5139004895827899,0,0,0,0,0
300000,12,1.9100000000000001,0.95,-0.35,0.85,1.0731268514469028,-12.336544412765107,-0.06562192674275559,-1.8227702215588446,0.7248658362986922,1.1003267971275528,0.3433748061583037,-1.525863666498415,0,0,0,0,0
300000,12,1.92,0.95,-0.35,0.85,1.0901299974322687,-11.752909758235244,-0.06707068877859705,-1.8020867997276004,0.6989791785954307,1.078286002495469,0.35217636045364337,-1.5354849114495366,0,0,0,0,0
300000,12,1.93,0.95,-0.35,0.85,1.1065029093635617,-11.255656523066447,-0.06782840909523953,-1.781270762608306,0.6760485862972077,1.0554240148264968,0.3606897452498803,-1.543206527173547,0,0,0,0,0
300000,12,1.94,0.95,-0.35,0.85,1.1223872234148853,-10.745350724747171,-0.06773635739454871,-1.7603378864270611,0.6563527881246657,1.0318007059264556,0.36907471261712615,-1.5495640921303862,0,0,0,0,0
300000,12,1.95,0.95,-0.35,0.85,1.137810997122568,-10.359208797654746,-0.06679246909596663,-1.739566935604829,0.6399971903753122,1.0074541125485748,0.3773717557417739,-1.55509039482282,0,0,0,0,0
300000,12,1.96,0.95,-0.35,0.85,1.152978317745079,-10.003150131881656,-0.06515128865336843,-1.7195572142033018,0.6269992162352845,0.9826019440611634,0.38547094708108415,-1.560120092841018,0,0,0,0,0
300000,12,1.97,0.95,-0.35,0.85,1.1678898125739994,-9.548981686966709,-0.06302686715176316,-1.7008150386697973,0.6172205459965349,0.9577354205371253,0.39324295646132906,-1.5649711350965074,0,0,0,0,0
300000,12,1.98,0.95,-0.35,0.85,1.1825886675908988,-9.280904623826972,-0.060807678635058336,-1.6838587070468893,0.6105414457946695,0.9334434383204026,0.4006885598821413,-1.5700608170592167,0,0,0,0,0
300000,12,1.99,0.95,-0.35,0.85,1.1969919826943862,-8.902066040682831,-0.05904541950979553,-1.6691359830457506,0.6067705670999856,0.9097877995738464,0.40777596921489856,-1.5756102731513546,0,0,0,0,0
300000,12,2.0,0.95,-0.35,0.85,1.2111025097009838,-8.588063731958199,-0.05837390255957775,-1.6569461272611492,0.6056890857664365,0.8870156734982689,0.41459391292914916,-1.581460553854284,0,0,0,0,0
300000,12,2.0100000000000002,0.95,-0.35,0.85,1.2250911349872209,-8.40767568601443,-0.05931247981025891,-1.6473444985484473,0.607093611945989,0.8658696911329036,0.4209837324080121,-1.587308623111695,0,0,0,0,0
300000,12,2.02,0.95,-0.35,0.85,1.2387875085915414,-8.054895930304003,-0.061877118461124626,-1.6402886596252297,0.6108633379032026,0.8470021512851833,0.42690609112802447,-1.5931449068346502,0,0,0,0,0
300000,12,2.0300000000000002,0.95,-0.35,0.85,1.2526179548185012,-8.067040360489562,-0.06594953292428182,-1.635783379825131,0.6168790510888763,0.8307588101198949,0.43217970058895466,-1.598992129510174,0,0,0,0,0
300000,12,2.04,0.95,-0.35,0.85,1.2664407009987424,-7.834814011768352,-0.07128223921159771,-1.633806420977154,0.6249917549764138,0.8173225054095768,0.4365641043824686,-1.6049579684951654,0,0,0,0,0
300000,12,2.05,0.95,-0.35,0.85,1.280318753505048,-7.684549825813685,-0.07763109651035077,-1.6343089637352195,0.6350808092514837,0.8068185384715689,0.4400683772483858,-1.6115872582257893,0,0,0,0,0
300000,12,2.06,0.95,-0.35,0.85,1.2942829428856408,-7.747995308052474,-0.08492254495131198,-1.6372036516835418,0.6470525412324942,0.799398870226926,0.44276772937876335,-1.619415241166422,0,0,0,0,0
300000,12,2.07,0.95,-0.35,0.85,1.3091977332136406,-8.312624909802343,-0.09317139983792908,-1.642384882217788,0.6608226578121189,0.7947834513596497,0.4454132609829138,-1.628664536840859,0,0,0,0,0
300000,12,2.08,0.95,-0.35,0.85,1.3254444176592644,-9.09003029749618,-0.10232684411680049,-1.6496801355076285,0.676295530019756,0.7928485820699009,0.4485325878009733,-1.6395459930922025,0,0,0,0,0
300000,12,2.09,0.95,-0.35,0.85,1.342653981874113,-9.945403370926567,-0.11217859310003736,-1.6587423381859676,0.6933720258371174,0.7934800451780318,0.4523972561241687,-1.6520338270789252,0,0,0,0,0
300000,12,2.1,0.95,-0.35,0.85,1.359488579783005,-10.836521806721345,-0.12198152451977184,-1.668857481453382,0.7119368196211687,0.7965797495496559,0.4572321827209232,-1.6663844865949111,0,0,0,0,0
300000,12,2.11,0.95,-0.35,0.85,1.3744453196000923,-12.374413990134858,-0.1307746740520374,-1.6784062662125068,0.7317156299169107,0.8021003770149703,0.4627672900729334,-1.6822012321959123,0,0,0,0,0
300000,12,2.12,0.95,-0.35,0.85,1.3856240164726648,-14.27841514886398,-0.13744260491005822,-1.6858532472882493,0.7527693281069282,0.8095088396322075,0.46861651236889446,-1.6992630124068964,0,0,0,0,0
300000,12,2.13,0.95,-0.35,0.85,1.3924561930235604,-16.289357445152348,-0.14158651151017546,-1.6905704740591525,0.7751790435204096,0.8178451473915239,0.47393211140514907,-1.7170925865078022,0,0,0,0,0
300000,12,2.14,0.95,-0.35,0.85,1.3981138745734092,-16.9142387608293,-0.1435028274977692,-1.692498999490793,0.7988463045372709,0.8256554791015709,0.48001152276716824,-1.7356499843067523,0,0,0,0,0
300000,12,2.15,0.95,-0.35,0.85,1.4045649437400969,-16.95102268315181,-0.14323224253821806,-1.6915987862935997,0.8234297902124026,0.834512483031823,0.48829584278706767,-1.7543514578857975,0,0,0,0,0
300000,12,2.16,0.95,-0.35,0.85,1.4112934369500114,-16.964405805954414,-0.14064163560582701,-1.6880355382050134,0.8486806566772587,0.8453706024038724,0.4956051818636932,-1.7730372852486382,0,0,0,0,0
300000,12,2.17,0.95,-0.35,0.85,1.417720672895302,-16.852176147786246,-0.13598649652823255,-1.682039521994954,0.874359867065054,0.8580435157406234,0.5009944330257905,-1.7920975065337095,0,0,0,0,0
300000,12,2.18,0.95,-0.35,0.85,1.4235319735807457,-15.552213130156762,-0.1298886176107545,-1.6737186628209324,0.8995748276399765,0.8723952066276947,0.5044165638999537,-1.8106458274258799,0,0,0,0,0
300000,12,2.19,0.95,-0.35,0.85,1.4286660834481177,-14.334986443716833,-0.12382645724979124,-1.6634205382988188,0.9241141848639386,0.8883023000180785,0.505824530734367,-1.8287302898993225,0,0,0,0,0
300000,12,2.2,0.95,-0.35,0.85,1.4330557313822216,-13.221946054503459,-0.11894480084092517,-1.6511641402980888,0.9468028998021673,0.9055799009942992,0.5053193934371008,-1.846750360181361,0,0,0,0,0
300000,12,2.21,0.95,-0.35,0.85,1.4367247043601785,-12.215017938088199,-0.11555233215735439,-1.637168246453396,0.9665637155403944,0.9241051167023355,0.5035718886030592,-1.86490669024969,0,0,0,0,0
300000,12,2.22,0.95,-0.35,0.85,1.4398045814308686,-11.35402907929402,-0.11380667816536051,-1.6218894014221201,0.9831099894285127,0.943574693674496,0.5013333856653053,-1.883328843444103,0,0,0,0,0
300000,12,2.23,0.95,-0.35,0.85,1.4423246739385198,-10.591324824718939,-0.11386783495422867,-1.6060810888164727,0.996572610342459,0.9642647939389356,0.49932748760749956,-1.901309026613957,0,0,0,0,0
300000,12,2.24,0.95,-0.35,0.85,1.444329658916243,-9.931861327974332,-0.11580029280689988,-1.5906621428507355,1.0070864210862072,0.9860434611433182,0.4981825668073888,-1.9177252615042353,0,0,0,0,0
300000,12,2.25,0.95,-0.35,0.85,1.445939032096721,-9.37555526701739,-0.11936594853437683,-1.5763240387411535,1.0147391771653893,1.008926635267383,0.4984215269679892,-1.9327540322227688,0,0,0,0,0
300000,12,2.2600000000000002,0.95,-0.35,0.85,1.447276723919019,-8.927430001864881,-0.12434594303591723,-1.5634746434698865,1.019633861000929,1.0329322472101126,0.5002607192888122,-1.9471969087634193,0,0,0,0,0
300000,12,2.27,0.95,-0.35,0.85,1.4483926715876816,-8.569328357026397,-0.13073179900317403,-1.5526466505697794,1.0219830726701484,1.058100334001621,0.5038269245462742,-1.9607762174453178,0,0,0,0,0
300000,12,2.2800000000000002,0.95,-0.35,0.85,1.4493201762724752,-8.305770727254897,-0.13845087241257897,-1.544292631869324,1.0219448554676704,1.0844704146318662,0.5093768417423251,-1.9723541921644987,0,0,0,0,0
300000,12,2.29,0.95,-0.35,0.85,1.4500840860477484,-8.137390735717787,-0.1474360594405446,-1.5385878035233247,1.0197349714121475,1.1120447524027168,0.5169715669652731,-1.9824581005870294,0,0,0,0,0
300000,12,2.3000000000000003,0.95,-0.35,0.85,1.4506714043206084,-8.05297892030028,-0.15768702264439147,-1.5355935189042094,1.0156539560297524,1.1407891053353174,0.5265713818048929,-1.9921740541910573,0,0,0,0,0
300000,12,2.31,0.95,-0.35,0.85,1.4510664375262732,-8.052787123786729,-0.16920422628430407,-1.5352703747033587,1.0100208996389632,1.1706616976569122,0.5383138691895615,-2.000743591867324,0,0,0,0,0
300000,12,2.32,0.95,-0.35,0.85,1.4512699698510734,-8.124664745952055,-0.18194192365615272,-1.537532712349556,1.0032494669226741,1.2016159084380547,0.5519045375260246,-2.007766469716568,0,0,0,0,0
300000,12,2.33,0.95,-0.35,0.85,1.4512716348253334,-8.248561837509378,-0.19585506421957796,-1.542299824153458,0.9959996334952395,1.2336109108576525,0.5672782904070701,-2.0137455111898133,0,0,0,0,0
300000,12,2.34,0.95,-0.35,0.85,1.4511000766151376,-2.009800955370871,-0.21082989002949604,-1.549348466242767,0.9887601205967608,1.2666065279547185,0.5843664392797733,-2.01856825057604,0,0,0,0,0
300000,12,2.35,0.95,-0.35,0.85,1.4507727677488165,-2.012377914679234,-0.22668645221811248,-1.5584823911340107,0.9819327508742964,1.3005475750590332,0.6030949328600913,-2.0221865177710425,0,0,0,0,0
300000,12,2.36,0.95,-0.35,0.85,1.450301787232608,-2.023151330616369,-0.24317608485495779,-1.5693952838791292,0.9758113273207878,1.3353943868511615,0.6233830904331851,-2.025015495002054,0,0,0,0,0
300000,12,2.37,0.95,-0.35,0.85,1.4497104590630794,-2.0425825451215,-0.2600854915863326,-1.5816386096819115,0.9706870954389233,1.3711220815656422,0.6451443290996924,-2.0272809989796086,0,0,0,0,0
300000,12,2.38,0.95,-0.35,0.85,1.4490407818372792,-2.0747766679491964,-0.2771069366224327,-1.5946174697981566,0.9668114906900295,1.407695685828088,0.6682934333208,-2.0291612268314374,0,0,0,0,0
300000,12,2.39,0.95,-0.35,0.85,1.448283145007273,-2.1018634027614675,-0.29401517764269175,-1.6079955523530751,0.964382995246627,1.445035634363532,0.6927474733337179,-2.0306999880579126,0,0,0,0,0
300000,12,2.4,0.95,-0.35,0.85,1.4474115049893859,-2.124177841162969,-0.31046605542774125,-1.6216592441435629,0.9635487890994302,1.4830860520132132,0.7184185055172636,-2.0313864662124224,0,0,0,0,0
300000,12,2.41,0.95,-0.35,0.85,1.4462744605811007,-2.0974937317893003,-0.3261241780816472,-1.635467782541599,0.9643778022320042,1.5218169517760018,0.745208470323179,-2.031436335104117,0,0,0,0,0
300000,12,2.42,0.95,-0.35,0.85,1.4446752689043842,-2.0094621702207887,-0.3406164843406885,-1.6492110685266939,0.9669587243969301,1.561201853132948,0.7730150898686786,-2.0318878628810526,0,0,0,0,0
300000,12,2.43,0.95,-0.35,0.85,1.4423278525645018,-1.8290899079995129,-0.35355913856155907,-1.662663311658776,0.971299558871802,1.601201217226281,0.8017258221386412,-2.0324532686686156,0,0,0,0,0
300000,12,2.44,0.95,-0.35,0.85,1.4390428019267656,-1.5901378370133037,-0.3645782823290788,-1.675739922674526,0.977479391704785,1.6417753374334623,0.8311776463140821,-2.0329378202122528,0,0,0,0,0
300000,12,2.45,0.95,-0.35,0.85,1.4349525670781709,-1.3904616548824367,-0.3734427492230003,-1.6884877669091598,0.9855317804652559,1.6828840160855298,0.8609465241600768,-2.0333408102399906,0,0,0,0,0
300000,12,2.46,0.95,-0.35,0.85,1.4302087742116656,-1.2445353007098066,-0.3800435993090414,-1.70103035824272,0.9954497403143603,1.724498675248228,0.8909353438533154,-2.0338214393730336,0,0,0,0,0
300000,12,2.47,0.95,-0.35,0.85,1.4247788306346114,-1.1035132582472649,-0.3844555633259818,-1.7135481274188082,1.0071970787471645,1.7665921315325372,0.9209273147926462,-2.0343719217631313,0,0,0,0,0
300000,12,2.48,0.95,-0.35,0.85,1.4183726525202849,-0.9120440039319708,-0.3867257096289507,-1.7261867058773923,1.0207098560180194,1.8092241198840906,0.9505050899042394,-2.034748465303348,0,0,0,0,0
300000,12,2.49,0.95,-0.35,0.85,1.4105924016125428,-0.6256593907968961,-0.3869697383491425,-1.739285273768995,1.0359015640859304,1.8522589397576823,0.979155730559955,-2.0354867049551904,0,0,0,0,0
300000,12,2.5,0.95,-0.35,0.85,1.4009765402649887,-787.8999528264,-0.38525631011680556,-1.753139824205858,1.0526799018467277,1.8956909603827843,1.006047641364739,-2.0356959304032247,0,0,0,0,0
