elapsed_time,shoulder_pan_joint,shoulder_lift_joint,elbow_joint,wrist_1_joint,wrist_2_joint,wrist_3_joint,reward,distance,whip_target_contact,valid_side_hit,arm_tip_ground_hit,robot_ground_contact,arm_self_contact
0.000000,0.041653377414,-1.971658917189,1.431993417832,-0.847795348520,-1.622030419358,-0.005039906949,-2.8600924486850468,1.8079180873824736,0,0,0,0,0
0.008000,0.046169899379,-1.976097619264,1.427648787347,-0.843248690777,-1.626659344545,-0.002994079582,-2.8600924486850468,1.8079180873824736,0,0,0,0,0
0.016000,0.050686421345,-1.980536321339,1.423304156861,-0.838702033034,-1.631288269732,-0.000948252214,-2.8600924486850468,1.8079180873824736,0,0,0,0,0
0.024000,0.055202943310,-1.984975023414,1.418959526376,-0.834155375292,-1.635917194919,0.001097575153,-2.8600924486850468,1.8079180873824736,0,0,0,0,0
0.032000,0.059719465276,-1.989413725489,1.414614895890,-0.829608717549,-1.640546120106,0.003143402520,-2.8600924486850468,1.8079180873824736,0,0,0,0,0
0.040000,0.064235987241,-1.993852427564,1.410270265404,-0.825062059806,-1.645175045293,0.005189229887,-2.8600924486850468,1.8079180873824736,0,0,0,0,0
0.048000,0.068752509207,-1.998291129639,1.405925634919,-0.820515402064,-1.649803970480,0.007235057255,-2.8600924486850468,1.8079180873824736,0,0,0,0,0
0.056000,0.073269031172,-2.002729831714,1.401581004433,-0.815968744321,-1.654432895667,0.009280884622,-2.8600924486850468,1.8079180873824736,0,0,0,0,0
0.064000,0.077785553137,-2.007168533789,1.397236373948,-0.811422086578,-1.659061820853,0.011326711989,-2.8600924486850468,1.8079180873824736,0,0,0,0,0
0.072000,0.082302075103,-2.011607235864,1.392891743462,-0.806875428835,-1.663690746040,0.013372539356,-2.8600924486850468,1.8079180873824736,0,0,0,0,0
0.080000,0.086818597068,-2.016045937939,1.388547112976,-0.802328771093,-1.668319671227,0.015418366724,-2.8600924486850468,1.8079180873824736,0,0,0,0,0
0.088000,0.091335119034,-2.020484640014,1.384202482491,-0.797782113350,-1.672948596414,0.017464194091,-2.8600924486850468,1.8079180873824736,0,0,0,0,0
0.096000,0.095851640999,-2.024923342089,1.379857852005,-0.793235455607,-1.677577521601,0.019510021458,-2.8600924486850468,1.8079180873824736,0,0,0,0,0
0.104000,0.100371161997,-2.029494909714,1.375187945883,-0.788769296639,-1.682473528842,0.022233639508,-2.8600924486850468,1.8079180873824736,0,0,0,0,0
0.112000,0.104890682995,-2.034066477339,1.370518039762,-0.784303137670,-1.687369536083,0.024957257559,-2.8600924486850468,1.8079180873824736,0,0,0,0,0
0.120000,0.109410203993,-2.038638044964,1.365848133640,-0.779836978702,-1.692265543324,0.027680875609,-2.8600924486850468,1.8079180873824736,0,0,0,0,0
0.128000,0.113929724991,-2.043209612589,1.361178227518,-0.775370819733,-1.697161550565,0.030404493660,-2.8600924486850468,1.8079180873824736,0,0,0,0,0
0.136000,0.118449245989,-2.047781180213,1.356508321397,-0.770904660765,-1.702057557806,0.033128111710,-2.8600924486850468,1.8079180873824736,0,0,0,0,0
0.144000,0.122968766987,-2.052352747838,1.351838415275,-0.766438501797,-1.706953565047,0.035851729761,-2.8600924486850468,1.8079180873824736,0,0,0,0,0
0.152000,0.127488287985,-2.056924315463,1.347168509153,-0.761972342828,-1.711849572287,0.038575347811,-2.8600924486850468,1.8079180873824736,0,0,0,0,0
0.160000,0.132007808983,-2.061495883088,1.342498603031,-0.757506183860,-1.716745579528,0.041298965861,-2.8600924486850468,1.8079180873824736,0,0,0,0,0
0.168000,0.136527329981,-2.066067450713,1.337828696910,-0.753040024891,-1.721641586769,0.044022583912,-2.8600924486850468,1.8079180873824736,0,0,0,0,0
0.176000,0.140387453175,-2.070356126412,1.333585353491,-0.749135786060,-1.726196267983,0.046724401311,-2.8600924486850468,1.8079180873824736,0,0,0,0,0
0.184000,0.144247576369,-2.074644802111,1.329342010073,-0.745231547229,-1.730750949196,0.049426218709,-2.8600924486850468,1.8079180873824736,0,0,0,0,0
0.192000,0.148107699562,-2.078933477811,1.325098666655,-0.741327308399,-1.735305630410,0.052128036108,-2.8600924486850468,1.8079180873824736,0,0,0,0,0
0.200000,0.151967822756,-2.083222153510,1.320855323237,-0.737423069568,-1.739860311623,0.054829853507,-2.8600924486850468,1.8079180873824736,0,0,0,0,0
0.208000,0.155827945949,-2.087510829209,1.316611979818,-0.733518830737,-1.744414992837,0.057531670905,-2.8600924486850468,1.8079180873824736,0,0,0,0,0
0.216000,0.159688069143,-2.091799504908,1.312368636400,-0.729614591906,-1.748969674050,0.060233488304,-2.8600924486850468,1.8079180873824736,0,0,0,0,0
0.224000,0.163548192337,-2.096088180608,1.308125292982,-0.725710353075,-1.753524355264,0.062935305703,-2.8600924486850468,1.8079180873824736,0,0,0,0,0
0.232000,0.167408315530,-2.100376856307,1.303881949563,-0.721806114244,-1.758079036477,0.065637123102,-2.8600924486850468,1.8079180873824736,0,0,0,0,0
0.240000,0.171268438724,-2.104665532006,1.299638606145,-0.717901875413,-1.762633717691,0.068338940500,-2.8600924486850468,1.8079180873824736,0,0,0,0,0
0.248000,0.175128561918,-2.108954207705,1.295395262727,-0.713997636582,-1.767188398904,0.071040757899,-2.8600924486850468,1.8079180873824736,0,0,0,0,0
0.256000,0.178988685111,-2.113242883405,1.291151919308,-0.710093397751,-1.771743080118,0.073742575298,-2.8600924486850468,1.8079180873824736,0,0,0,0,0
0.264000,0.182241296335,-2.117591610115,1.286936292046,-0.706637959372,-1.776333760911,0.076220326383,-2.8600924486850468,1.8079180873824736,0,0,0,0,0
0.272000,0.185493907558,-2.121940336826,1.282720664783,-0.703182520993,-1.780924441705,0.078698077468,-2.8600924486850468,1.8079180873824736,0,0,0,0,0
0.280000,0.188746518782,-2.126289063536,1.278505037520,-0.699727082614,-1.785515122498,0.081175828554,-2.8600924486850468,1.8079180873824736,0,0,0,0,0
0.288000,0.191999130005,-2.130637790247,1.274289410257,-0.696271644235,-1.790105803291,0.083653579639,-2.8600924486850468,1.8079180873824736,0,0,0,0,0
0.296000,0.195251741229,-2.134986516958,1.270073782994,-0.692816205856,-1.794696484085,0.086131330724,-2.8600924486850468,1.8079180873824736,0,0,0,0,0
0.304000,0.198504352452,-2.139335243668,1.265858155731,-0.689360767477,-1.799287164878,0.088609081809,-2.8600924486850468,1.8079180873824736,0,0,0,0,0
0.312000,0.201756963676,-2.143683970379,1.261642528468,-0.685905329098,-1.803877845672,0.091086832895,-2.8600924486850468,1.8079180873824736,0,0,0,0,0
0.320000,0.205009574899,-2.148032697089,1.257426901205,-0.682449890719,-1.808468526465,0.093564583980,-2.8600924486850468,1.8079180873824736,0,0,0,0,0
0.328000,0.208262186123,-2.152381423800,1.253211273942,-0.678994452340,-1.813059207258,0.096042335065,-2.8600924486850468,1.8079180873824736,0,0,0,0,0
0.336000,0.211514797346,-2.156730150511,1.248995646679,-0.675539013960,-1.817649888052,0.098520086150,-2.8600924486850468,1.8079180873824736,0,0,0,0,0
0.345126,0.214767408570,-2.161078877221,1.244780019416,-0.672083575581,-1.822240568845,0.100997837236,-2.8600924486850468,1.8079180873824736,0,0,0,0,0
0.354252,0.217077964757,-2.165366789132,1.240753109263,-0.669275584393,-1.826843241280,0.102609854183,-2.8600924486850468,1.8079180873824736,0,0,0,0,0
0.362252,0.219388520943,-2.169654701043,1.236726199111,-0.666467593204,-1.831445913715,0.104221871129,-2.8600924486850468,1.8079180873824736,0,0,0,0,0
0.370252,0.221699077130,-2.173942612954,1.232699288958,-0.663659602016,-1.836048586150,0.105833888076,-2.8600924486850468,1.8079180873824736,0,0,0,0,0
0.378252,0.224009633317,-2.178230524865,1.228672378806,-0.660851610827,-1.840651258586,0.107445905023,-2.8600924486850468,1.8079180873824736,0,0,0,0,0
0.386252,0.226320189504,-2.182518436776,1.224645468654,-0.658043619638,-1.845253931021,0.109057921970,-2.8600924486850468,1.8079180873824736,0,0,0,0,0
0.394252,0.228630745691,-2.186806348687,1.220618558501,-0.655235628450,-1.849856603456,0.110669938917,-2.8600924486850468,1.8079180873824736,0,0,0,0,0
0.402252,0.230941301878,-2.191094260597,1.216591648349,-0.652427637261,-1.854459275891,0.112281955864,-2.8600924486850468,1.8079180873824736,0,0,0,0,0
0.410252,0.233251858065,-2.195382172508,1.212564738196,-0.649619646073,-1.859061948326,0.113893972811,-2.8600924486850468,1.8079180873824736,0,0,0,0,0
0.418252,0.235562414251,-2.199670084419,1.208537828044,-0.646811654884,-1.863664620761,0.115505989758,-2.8600924486850468,1.8079180873824736,0,0,0,0,0
0.426252,0.237872970438,-2.203957996330,1.204510917892,-0.644003663695,-1.868267293196,0.117118006705,-2.8600924486850468,1.8079180873824736,0,0,0,0,0
0.435827,0.240183526625,-2.208245908241,1.200484007739,-0.641195672507,-1.872869965631,0.118730023652,-2.8600924486850468,1.8079180873824736,0,0,0,0,0
0.445402,0.241393930727,-2.212433146530,1.196478590119,-0.639308365484,-1.877418325330,0.119242536742,-2.8600924486850468,1.8079180873824736,0,0,0,0,0
0.453402,0.242604334829,-2.216620384818,1.192473172498,-0.637421058462,-1.881966685028,0.119755049831,-2.8600924486850468,1.8079180873824736,0,0,0,0,0
0.461402,0.243814738930,-2.220807623107,1.188467754877,-0.635533751439,-1.886515044727,0.120267562920,-2.8600924486850468,1.8079180873824736,0,0,0,0,0
0.469402,0.245025143032,-2.224994861396,1.184462337257,-0.633646444417,-1.891063404425,0.120780076010,-2.8600924486850468,1.8079180873824736,0,0,0,0,0
0.477402,0.246235547133,-2.229182099684,1.180456919636,-0.631759137394,-1.895611764124,0.121292589099,-2.8600924486850468,1.8079180873824736,0,0,0,0,0
0.485402,0.247445951235,-2.233369337973,1.176451502016,-0.629871830372,-1.900160123822,0.121805102188,-2.8600924486850468,1.8079180873824736,0,0,0,0,0
0.493402,0.248656355337,-2.237556576262,1.172446084395,-0.627984523349,-1.904708483520,0.122317615278,-2.8600924486850468,1.8079180873824736,0,0,0,0,0
0.501402,0.249866759438,-2.241743814550,1.168440666774,-0.626097216326,-1.909256843219,0.122830128367,-2.8600924486850468,1.8079180873824736,0,0,0,0,0
0.509402,0.251077163540,-2.245931052839,1.164435249154,-0.624209909304,-1.913805202917,0.123342641457,-2.8600924486850468,1.8079180873824736,0,0,0,0,0
0.517889,0.252287567642,-2.250118291128,1.160429831533,-0.622322602281,-1.918353562616,0.123855154546,-2.8600924486850468,1.8079180873824736,0,0,0,0,0
0.528686,0.253497971743,-2.254305529416,1.156424413913,-0.620435295259,-1.922901922314,0.124367667635,-2.8600924486850468,1.8079180873824736,0,0,0,0,0
0.539950,0.253553113366,-2.258823835711,1.152187224838,-0.619719556317,-1.927897201621,0.123753790587,-2.8600924486850468,1.8079180873824736,0,0,0,0,0
0.548803,0.253608254989,-2.263342142006,1.147950035764,-0.619003817374,-1.932892480928,0.123139913539,-2.8600924486850468,1.8079180873824736,0,0,0,0,0
0.556803,0.253663396612,-2.267860448301,1.143712846690,-0.618288078432,-1.937887760236,0.122526036491,-2.8600924486850468,1.8079180873824736,0,0,0,0,0
0.564803,0.253718538235,-2.272378754597,1.139475657615,-0.617572339490,-1.942883039543,0.121912159443,-2.8600924486850468,1.8079180873824736,0,0,0,0,0
0.572803,0.253773679857,-2.276897060892,1.135238468541,-0.616856600548,-1.947878318850,0.121298282395,-2.8600924486850468,1.8079180873824736,0,0,0,0,0
0.580803,0.253828821480,-2.281415367187,1.131001279467,-0.616140861605,-1.952873598157,0.120684405347,-2.8600924486850468,1.8079180873824736,0,0,0,0,0
0.588803,0.253883963103,-2.285933673482,1.126764090392,-0.615425122663,-1.957868877464,0.120070528299,-2.8600924486850468,1.8079180873824736,0,0,0,0,0
0.596803,0.253939104726,-2.290451979777,1.122526901318,-0.614709383721,-1.962864156771,0.119456651251,-2.8600924486850468,1.8079180873824736,0,0,0,0,0
0.604803,0.253994246349,-2.294970286072,1.118289712243,-0.613993644779,-1.967859436079,0.118842774202,-2.8600924486850468,1.8079180873824736,0,0,0,0,0
0.613510,0.254049387972,-2.299488592367,1.114052523169,-0.613277905837,-1.972854715386,0.118228897154,-2.8600924486850468,1.8079180873824736,0,0,0,0,0
0.622216,0.253625967135,-2.303929290111,1.109738525796,-0.613471757556,-1.977847869832,0.117016005471,-2.8600924486850468,1.8079180873824736,0,0,0,0,0
0.630216,0.253202546299,-2.308369987856,1.105424528423,-0.613665609275,-1.982841024278,0.115803113788,-2.8600924486850468,1.8079180873824736,0,0,0,0,0
0.638216,0.252779125462,-2.312810685600,1.101110531050,-0.613859460994,-1.987834178725,0.114590222105,-2.8600924486850468,1.8079180873824736,0,0,0,0,0
0.646216,0.252355704625,-2.317251383345,1.096796533677,-0.614053312714,-1.992827333171,0.113377330422,-2.8600924486850468,1.8079180873824736,0,0,0,0,0
0.654216,0.251932283789,-2.321692081089,1.092482536304,-0.614247164433,-1.997820487617,0.112164438739,-2.8600924486850468,1.8079180873824736,0,0,0,0,0
0.662216,0.251508862952,-2.326132778834,1.088168538931,-0.614441016152,-2.002813642063,0.110951547056,-2.8600924486850468,1.8079180873824736,0,0,0,0,0
0.670216,0.251085442116,-2.330573476578,1.083854541558,-0.614634867872,-2.007806796510,0.109738655373,-2.8600924486850468,1.8079180873824736,0,0,0,0,0
0.678216,0.250662021279,-2.335014174323,1.079540544185,-0.614828719591,-2.012799950956,0.108525763690,-2.8600924486850468,1.8079180873824736,0,0,0,0,0
0.686538,0.250238600443,-2.339454872067,1.075226546812,-0.615022571310,-2.017793105402,0.107312872007,-2.8600924486850468,1.8079180873824736,0,0,0,0,0
0.696755,0.249815179606,-2.343895569812,1.070912549439,-0.615216423030,-2.022786259849,0.106099980325,-2.8600924486850468,1.8079180873824736,0,0,0,0,0
0.707243,0.248713280325,-2.348238885314,1.066705560245,-0.616567650934,-2.027745882013,0.105298950921,-2.8600924486850468,1.8079180873824736,0,0,0,0,0
0.715786,0.247611381044,-2.352582200816,1.062498571051,-0.617918878838,-2.032705504178,0.104497921516,-2.8600924486850468,1.8079180873824736,0,0,0,0,0
0.723786,0.246509481763,-2.356925516318,1.058291581857,-0.619270106743,-2.037665126342,0.103696892112,-2.8600924486850468,1.8079180873824736,0,0,0,0,0
0.731786,0.245407582482,-2.361268831820,1.054084592663,-0.620621334647,-2.042624748507,0.102895862708,-2.8600924486850468,1.8079180873824736,0,0,0,0,0
0.739786,0.244305683201,-2.365612147322,1.049877603469,-0.621972562551,-2.047584370671,0.102094833304,-2.8600924486850468,1.8079180873824736,0,0,0,0,0
0.747786,0.243203783919,-2.369955462824,1.045670614276,-0.623323790456,-2.052543992836,0.101293803900,-2.8600924486850468,1.8079180873824736,0,0,0,0,0
0.755786,0.242101884638,-2.374298778326,1.041463625082,-0.624675018360,-2.057503615001,0.100492774496,-2.8600924486850468,1.8079180873824736,0,0,0,0,0
0.763786,0.240999985357,-2.378642093828,1.037256635888,-0.626026246264,-2.062463237165,0.099691745092,-2.8600924486850468,1.8079180873824736,0,0,0,0,0
0.771786,0.239898086076,-2.382985409330,1.033049646694,-0.627377474169,-2.067422859330,0.098890715688,-2.8600924486850468,1.8079180873824736,0,0,0,0,0
0.780026,0.238796186795,-2.387328724832,1.028842657500,-0.628728702073,-2.072382481494,0.098089686284,-2.8600924486850468,1.8079180873824736,0,0,0,0,0
0.788266,0.237048889106,-2.391555916250,1.024500216552,-0.630869778002,-2.077265657066,0.098053871532,-2.8600924486850468,1.8079180873824736,0,0,0,0,0
0.796266,0.235301591416,-2.395783107669,1.020157775604,-0.633010853931,-2.082148832638,0.098018056780,-2.8600924486850468,1.8079180873824736,0,0,0,0,0
0.804266,0.233554293727,-2.400010299087,1.015815334656,-0.635151929860,-2.087032008210,0.097982242028,-2.8600924486850468,1.8079180873824736,0,0,0,0,0
0.812266,0.231806996038,-2.404237490506,1.011472893708,-0.637293005789,-2.091915183781,0.097946427276,-2.8600924486850468,1.8079180873824736,0,0,0,0,0
0.820266,0.230059698348,-2.408464681924,1.007130452760,-0.639434081718,-2.096798359353,0.097910612524,-2.8600924486850468,1.8079180873824736,0,0,0,0,0
0.828266,0.228312400659,-2.412691873342,1.002788011812,-0.641575157647,-2.101681534925,0.097874797771,-2.8600924486850468,1.8079180873824736,0,0,0,0,0
0.836266,0.226565102970,-2.416919064761,0.998445570864,-0.643716233576,-2.106564710497,0.097838983019,-2.8600924486850468,1.8079180873824736,0,0,0,0,0
0.844266,0.224817805280,-2.421146256179,0.994103129917,-0.645857309505,-2.111447886068,0.097803168267,-2.8600924486850468,1.8079180873824736,0,0,0,0,0
0.853034,0.223070507591,-2.425373447598,0.989760688969,-0.647998385434,-2.116331061640,0.097767353515,-2.8600924486850468,1.8079180873824736,0,0,0,0,0
0.864001,0.221323209902,-2.429600639016,0.985418248021,-0.650139461363,-2.121214237212,0.097731538763,-2.8600924486850468,1.8079180873824736,0,0,0,0,0
0.874511,0.218511824315,-2.434171374540,0.981125891003,-0.653412850633,-2.125972614366,0.097594184255,-2.8600924486850468,1.8079180873824736,0,0,0,0,0
0.882915,0.215700438728,-2.438742110064,0.976833533986,-0.656686239903,-2.130730991521,0.097456829747,-2.8600924486850468,1.8079180873824736,0,0,0,0,0
0.890915,0.212889053141,-2.443312845588,0.972541176968,-0.659959629173,-2.135489368676,0.097319475239,-2.8600924486850468,1.8079180873824736,0,0,0,0,0
0.898915,0.210077667554,-2.447883581112,0.968248819950,-0.663233018443,-2.140247745830,0.097182120730,-2.8600924486850468,1.8079180873824736,0,0,0,0,0
0.906915,0.207266281967,-2.452454316637,0.963956462933,-0.666506407713,-2.145006122985,0.097044766222,-2.8600924486850468,1.8079180873824736,0,0,0,0,0
0.914915,0.204454896381,-2.457025052161,0.959664105915,-0.669779796983,-2.149764500140,0.096907411714,-2.8600924486850468,1.8079180873824736,0,0,0,0,0
0.922915,0.201643510794,-2.461595787685,0.955371748898,-0.673053186253,-2.154522877294,0.096770057206,-2.8600924486850468,1.8079180873824736,0,0,0,0,0
0.930915,0.198832125207,-2.466166523209,0.951079391880,-0.676326575522,-2.159281254449,0.096632702698,-2.8600924486850468,1.8079180873824736,0,0,0,0,0
0.938915,0.196020739620,-2.470737258733,0.946787034862,-0.679599964792,-2.164039631604,0.096495348190,-2.8600924486850468,1.8079180873824736,0,0,0,0,0
0.947710,0.193209354033,-2.475307994257,0.942494677845,-0.682873354062,-2.168798008758,0.096357993682,-2.8600924486850468,1.8079180873824736,0,0,0,0,0
0.956506,0.189522946507,-2.480203108868,0.938060659784,-0.686873920321,-2.173417579506,0.095693157350,-2.8600924486850468,1.8079180873824736,0,0,0,0,0
0.964506,0.185836538980,-2.485098223478,0.933626641724,-0.690874486580,-2.178037150253,0.095028321018,-2.8600924486850468,1.8079180873824736,0,0,0,0,0
0.972506,0.182150131454,-2.489993338089,0.929192623663,-0.694875052839,-2.182656721000,0.094363484686,-2.8600924486850468,1.8079180873824736,0,0,0,0,0
0.980506,0.178463723928,-2.494888452699,0.924758605603,-0.698875619098,-2.187276291747,0.093698648353,-2.8600924486850468,1.8079180873824736,0,0,0,0,0
0.988506,0.174777316401,-2.499783567310,0.920324587542,-0.702876185357,-2.191895862494,0.093033812021,-2.8600924486850468,1.8079180873824736,0,0,0,0,0
0.996506,0.171090908875,-2.504678681921,0.915890569481,-0.706876751616,-2.196515433241,0.092368975689,-2.8600924486850468,1.8079180873824736,0,0,0,0,0
1.004506,0.167404501349,-2.509573796531,0.911456551421,-0.710877317875,-2.201135003988,0.091704139357,-2.8600924486850468,1.8079180873824736,0,0,0,0,0
1.012506,0.163718093822,-2.514468911142,0.907022533360,-0.714877884134,-2.205754574735,0.091039303025,-2.8600924486850468,1.8079180873824736,0,0,0,0,0
1.020506,0.160031686296,-2.519364025752,0.902588515300,-0.718878450393,-2.210374145482,0.090374466692,-2.8600924486850468,1.8079180873824736,0,0,0,0,0
1.028506,0.156345278770,-2.524259140363,0.898154497239,-0.722879016653,-2.214993716229,0.089709630360,-2.8600924486850468,1.8079180873824736,0,0,0,0,0
1.036506,0.152389646028,-2.528990020669,0.894076935123,-0.727024112561,-2.219104513823,0.089011831834,-2.8600924486850468,1.8079180873824736,0,0,0,0,0
1.044506,0.148434013286,-2.533720900974,0.889999373007,-0.731169208469,-2.223215311417,0.088314033309,-2.8600924486850468,1.8079180873824736,0,0,0,0,0
1.052506,0.144478380545,-2.538451781280,0.885921810890,-0.735314304377,-2.227326109011,0.087616234783,-2.8600924486850468,1.8079180873824736,0,0,0,0,0
1.060506,0.140522747803,-2.543182661585,0.881844248774,-0.739459400286,-2.231436906605,0.086918436257,-2.8600924486850468,1.8079180873824736,0,0,0,0,0
1.068506,0.136567115061,-2.547913541891,0.877766686658,-0.743604496194,-2.235547704199,0.086220637731,-2.8600924486850468,1.8079180873824736,0,0,0,0,0
1.076506,0.132611482320,-2.552644422197,0.873689124541,-0.747749592102,-2.239658501793,0.085522839206,-2.8600924486850468,1.8079180873824736,0,0,0,0,0
1.084506,0.128655849578,-2.557375302502,0.869611562425,-0.751894688010,-2.243769299387,0.084825040680,-2.8600924486850468,1.8079180873824736,0,0,0,0,0
1.092506,0.124700216836,-2.562106182808,0.865534000309,-0.756039783919,-2.247880096981,0.084127242154,-2.8600924486850468,1.8079180873824736,0,0,0,0,0
1.100506,0.120744584094,-2.566837063114,0.861456438192,-0.760184879827,-2.251990894575,0.083429443628,-2.8600924486850468,1.8079180873824736,0,0,0,0,0
1.108746,0.116788951353,-2.571567943419,0.857378876076,-0.764329975735,-2.256101692169,0.082731645103,-2.8600924486850468,1.8079180873824736,0,0,0,0,0
1.118896,0.112833318611,-2.576298823725,0.853301313960,-0.768475071644,-2.260212489763,0.082033846577,-2.8600924486850468,1.8079180873824736,0,0,0,0,0
1.129047,0.108470416363,-2.581014763566,0.849076777645,-0.772483974420,-2.264279385930,0.082501430805,-2.8600924486850468,1.8079180873824736,0,0,0,0,0
1.137287,0.104107514114,-2.585730703408,0.844852241330,-0.776492877196,-2.268346282098,0.082969015033,-2.8600924486850468,1.8079180873824736,0,0,0,0,0
1.145287,0.099744611866,-2.590446643249,0.840627705015,-0.780501779973,-2.272413178266,0.083436599261,-2.8600924486850468,1.8079180873824736,0,0,0,0,0
1.153287,0.095381709617,-2.595162583091,0.836403168700,-0.784510682749,-2.276480074433,0.083904183489,-2.8600924486850468,1.8079180873824736,0,0,0,0,0
1.161287,0.091018807369,-2.599878522932,0.832178632384,-0.788519585526,-2.280546970601,0.084371767717,-2.8600924486850468,1.8079180873824736,0,0,0,0,0
1.169287,0.086655905120,-2.604594462774,0.827954096069,-0.792528488302,-2.284613866769,0.084839351945,-2.8600924486850468,1.8079180873824736,0,0,0,0,0
1.177287,0.082293002872,-2.609310402615,0.823729559754,-0.796537391079,-2.288680762936,0.085306936173,-2.8600924486850468,1.8079180873824736,0,0,0,0,0
1.185287,0.077930100623,-2.614026342457,0.819505023439,-0.800546293855,-2.292747659104,0.085774520401,-2.8600924486850468,1.8079180873824736,0,0,0,0,0
1.193287,0.073567198375,-2.618742282298,0.815280487124,-0.804555196631,-2.296814555272,0.086242104629,-2.8600924486850468,1.8079180873824736,0,0,0,0,0
1.201287,0.069204296127,-2.623458222140,0.811055950809,-0.808564099408,-2.300881451439,0.086709688857,-2.8600924486850468,1.8079180873824736,0,0,0,0,0
1.210076,0.064841393878,-2.628174161981,0.806831414494,-0.812573002184,-2.304948347607,0.087177273085,-2.8600924486850468,1.8079180873824736,0,0,0,0,0
1.218865,0.060285650808,-2.632871682398,0.802493269653,-0.816317160879,-2.309145966799,0.088518640814,-2.8600924486850468,1.8079180873824736,0,0,0,0,0
1.226865,0.055729907738,-2.637569202815,0.798155124813,-0.820061319575,-2.313343585990,0.089860008544,-2.8600924486850468,1.8079180873824736,0,0,0,0,0
1.234865,0.051174164667,-2.642266723232,0.793816979972,-0.823805478270,-2.317541205182,0.091201376274,-2.8600924486850468,1.8079180873824736,0,0,0,0,0
1.242865,0.046618421597,-2.646964243648,0.789478835132,-0.827549636965,-2.321738824373,0.092542744003,-2.8600924486850468,1.8079180873824736,0,0,0,0,0
1.250865,0.042062678527,-2.651661764065,0.785140690291,-0.831293795660,-2.325936443565,0.093884111733,-2.8600924486850468,1.8079180873824736,0,0,0,0,0
1.258865,0.037506935456,-2.656359284482,0.780802545450,-0.835037954355,-2.330134062757,0.095225479463,-2.8600924486850468,1.8079180873824736,0,0,0,0,0
1.266865,0.032951192386,-2.661056804899,0.776464400610,-0.838782113050,-2.334331681948,0.096566847193,-2.8600924486850468,1.8079180873824736,0,0,0,0,0
1.274865,0.028395449316,-2.665754325316,0.772126255769,-0.842526271745,-2.338529301140,0.097908214922,-2.8600924486850468,1.8079180873824736,0,0,0,0,0
1.282865,0.023839706246,-2.670451845732,0.767788110929,-0.846270430441,-2.342726920332,0.099249582652,-2.8600924486850468,1.8079180873824736,0,0,0,0,0
1.290865,0.019283963175,-2.675149366149,0.763449966088,-0.850014589136,-2.346924539523,0.100590950382,-2.8600924486850468,1.8079180873824736,0,0,0,0,0
1.298865,0.014728220105,-2.679846886566,0.759111821247,-0.853758747831,-2.351122158715,0.101932318111,-2.8600924486850468,1.8079180873824736,0,0,0,0,0
1.306865,0.010079411110,-2.684536173373,0.754748244505,-0.857213576418,-2.355398275336,0.104011630353,-2.8600924486850468,1.8079180873824736,0,0,0,0,0
1.314865,0.005430602115,-2.689225460180,0.750384667762,-0.860668405006,-2.359674391957,0.106090942594,-2.8600924486850468,1.8079180873824736,0,0,0,0,0
1.322865,0.000781793120,-2.693914746988,0.746021091019,-0.864123233593,-2.363950508579,0.108170254836,-2.8600924486850468,1.8079180873824736,0,0,0,0,0
1.330865,-0.003867015875,-2.698604033795,0.741657514276,-0.867578062181,-2.368226625200,0.110249567077,-2.8600924486850468,1.8079180873824736,0,0,0,0,0
1.338865,-0.008515824870,-2.703293320602,0.737293937534,-0.871032890768,-2.372502741821,0.112328879318,-2.8600924486850468,1.8079180873824736,0,0,0,0,0
1.346865,-0.013164633865,-2.707982607410,0.732930360791,-0.874487719355,-2.376778858443,0.114408191560,-2.8600924486850468,1.8079180873824736,0,0,0,0,0
1.354865,-0.017813442860,-2.712671894217,0.728566784048,-0.877942547943,-2.381054975064,0.116487503801,-2.8600924486850468,1.8079180873824736,0,0,0,0,0
1.362865,-0.022462251855,-2.717361181024,0.724203207305,-0.881397376530,-2.385331091685,0.118566816043,-2.8600924486850468,1.8079180873824736,0,0,0,0,0
1.370865,-0.027111060850,-2.722050467831,0.719839630563,-0.884852205118,-2.389607208307,0.120646128284,-2.8600924486850468,1.8079180873824736,0,0,0,0,0
1.378865,-0.031759869845,-2.726739754639,0.715476053820,-0.888307033705,-2.393883324928,0.122725440526,-2.8600924486850468,1.8079180873824736,0,0,0,0,0
1.386865,-0.036408678840,-2.731429041446,0.711112477077,-0.891761862293,-2.398159441549,0.124804752767,-2.8600924486850468,1.8079180873824736,0,0,0,0,0
1.394865,-0.041103081834,-2.736067976665,0.706751981028,-0.895571402176,-2.402539355284,0.126833512991,-2.8600924486850468,1.8079180873824736,0,0,0,0,0
1.402865,-0.045797484829,-2.740706911884,0.702391484978,-0.899380942060,-2.406919269019,0.128862273214,-2.8600924486850468,1.8079180873824736,0,0,0,0,0
1.410865,-0.050491887823,-2.745345847103,0.698030988929,-0.903190481943,-2.411299182753,0.130891033438,-2.8600924486850468,1.8079180873824736,0,0,0,0,0
1.418865,-0.055186290818,-2.749984782322,0.693670492879,-0.907000021826,-2.415679096488,0.132919793662,-2.8600924486850468,1.8079180873824736,0,0,0,0,0
1.426865,-0.059880693812,-2.754623717542,0.689309996829,-0.910809561710,-2.420059010223,0.134948553885,-2.8600924486850468,1.8079180873824736,0,0,0,0,0
1.434865,-0.064575096807,-2.759262652761,0.684949500780,-0.914619101593,-2.424438923957,0.136977314109,-2.8600924486850468,1.8079180873824736,0,0,0,0,0
1.442865,-0.069269499801,-2.763901587980,0.680589004730,-0.918428641477,-2.428818837692,0.139006074333,-2.8600924486850468,1.8079180873824736,0,0,0,0,0
1.450865,-0.073963902796,-2.768540523199,0.676228508681,-0.922238181360,-2.433198751427,0.141034834557,-2.8600924486850468,1.8079180873824736,0,0,0,0,0
1.458865,-0.078658305790,-2.773179458418,0.671868012631,-0.926047721244,-2.437578665161,0.143063594780,-2.8600924486850468,1.8079180873824736,0,0,0,0,0
1.466865,-0.083352708785,-2.777818393637,0.667507516581,-0.929857261127,-2.441958578896,0.145092355004,-2.8600924486850468,1.8079180873824736,0,0,0,0,0
1.474865,-0.088047111779,-2.782457328857,0.663147020532,-0.933666801010,-2.446338492631,0.147121115228,-2.8600924486850468,1.8079180873824736,0,0,0,0,0
1.482865,-0.092758831188,-2.786919426428,0.659190691644,-0.937851379126,-2.450688359492,0.149159498224,-2.8600924486850468,1.8079180873824736,0,0,0,0,0
1.490865,-0.097470550596,-2.791381524000,0.655234362756,-0.942035957241,-2.455038226354,0.151197881220,-2.8600924486850468,1.8079180873824736,0,0,0,0,0
1.498865,-0.102182270004,-2.795843621572,0.651278033868,-0.946220535356,-2.459388093216,0.153236264216,-2.8600924486850468,1.8079180873824736,0,0,0,0,0
1.506865,-0.106893989412,-2.800305719143,0.647321704981,-0.950405113472,-2.463737960077,0.155274647212,-2.8600924486850468,1.8079180873824736,0,0,0,0,0
1.514865,-0.111605708820,-2.804767816715,0.643365376093,-0.954589691587,-2.468087826939,0.157313030209,-2.8600924486850468,1.8079180873824736,0,0,0,0,0
1.522865,-0.116317428229,-2.809229914287,0.639409047205,-0.958774269702,-2.472437693800,0.159351413205,-2.8600924486850468,1.8079180873824736,0,0,0,0,0
1.530865,-0.121029147637,-2.813692011858,0.635452718317,-0.962958847817,-2.476787560662,0.161389796201,-2.8600924486850468,1.8079180873824736,0,0,0,0,0
1.538865,-0.125740867045,-2.818154109430,0.631496389429,-0.967143425933,-2.481137427524,0.163428179197,-2.8600924486850468,1.8079180873824736,0,0,0,0,0
1.546865,-0.130452586453,-2.822616207001,0.627540060541,-0.971328004048,-2.485487294385,0.165466562193,-2.8600924486850468,1.8079180873824736,0,0,0,0,0
1.554865,-0.135164305861,-2.827078304573,0.623583731654,-0.975512582163,-2.489837161247,0.167504945190,-2.8600924486850468,1.8079180873824736,0,0,0,0,0
1.562865,-0.139876025269,-2.831540402145,0.619627402766,-0.979697160279,-2.494187028109,0.169543328186,-2.8600924486850468,1.8079180873824736,0,0,0,0,0
1.570865,-0.144595699500,-2.835764238616,0.616081523171,-0.984065541580,-2.498543370071,0.171219575992,-2.8600924486850468,1.8079180873824736,0,0,0,0,0
1.578865,-0.149315373730,-2.839988075086,0.612535643575,-0.988433922882,-2.502899712034,0.172895823798,-2.8600924486850468,1.8079180873824736,0,0,0,0,0
1.586865,-0.154035047961,-2.844211911557,0.608989763980,-0.992802304183,-2.507256053996,0.174572071605,-2.8600924486850468,1.8079180873824736,0,0,0,0,0
1.594865,-0.158754722192,-2.848435748028,0.605443884385,-0.997170685485,-2.511612395959,0.176248319411,-2.8600924486850468,1.8079180873824736,0,0,0,0,0
1.602865,-0.163474396422,-2.852659584498,0.601898004790,-1.001539066786,-2.515968737922,0.177924567217,-2.8600924486850468,1.8079180873824736,0,0,0,0,0
1.610865,-0.168194070653,-2.856883420969,0.598352125194,-1.005907448088,-2.520325079884,0.179600815023,-2.8600924486850468,1.8079180873824736,0,0,0,0,0
1.618865,-0.172913744883,-2.861107257440,0.594806245599,-1.010275829390,-2.524681421847,0.181277062830,-2.8600924486850468,1.8079180873824736,0,0,0,0,0
1.626865,-0.177633419114,-2.865331093911,0.591260366004,-1.014644210691,-2.529037763809,0.182953310636,-2.8600924486850468,1.8079180873824736,0,0,0,0,0
1.634865,-0.182353093344,-2.869554930381,0.587714486409,-1.019012591993,-2.533394105772,0.184629558442,-2.8600924486850468,1.8079180873824736,0,0,0,0,0
1.642865,-0.187072767575,-2.873778766852,0.584168606814,-1.023380973294,-2.537750447734,0.186305806248,-2.8600924486850468,1.8079180873824736,0,0,0,0,0
1.650865,-0.191792441805,-2.878002603323,0.580622727218,-1.027749354596,-2.542106789697,0.187982054055,-2.8600924486850468,1.8079180873824736,0,0,0,0,0
1.658865,-0.196523216949,-2.882063820261,0.577767333675,-1.031781343732,-2.546504335962,0.189607418143,-2.8600924486850468,1.8079180873824736,0,0,0,0,0
1.666865,-0.201253992093,-2.886125037198,0.574911940132,-1.035813332869,-2.550901882227,0.191232782232,-2.8600924486850468,1.8079180873824736,0,0,0,0,0
1.674865,-0.205984767237,-2.890186254136,0.572056546588,-1.039845322005,-2.555299428492,0.192858146321,-2.8600924486850468,1.8079180873824736,0,0,0,0,0
1.682865,-0.210715542381,-2.894247471074,0.569201153045,-1.043877311141,-2.559696974758,0.194483510409,-2.8600924486850468,1.8079180873824736,0,0,0,0,0
1.690865,-0.215446317526,-2.898308688012,0.566345759502,-1.047909300278,-2.564094521023,0.196108874498,-2.8600924486850468,1.8079180873824736,0,0,0,0,0
1.698865,-0.220177092670,-2.902369904950,0.563490365958,-1.051941289414,-2.568492067288,0.197734238587,-2.8600924486850468,1.8079180873824736,0,0,0,0,0
1.706865,-0.224907867814,-2.906431121887,0.560634972415,-1.055973278551,-2.572889613553,0.199359602675,-2.8600924486850468,1.8079180873824736,0,0,0,0,0
1.714865,-0.229638642958,-2.910492338825,0.557779578871,-1.060005267687,-2.577287159818,0.200984966764,-2.8600924486850468,1.8079180873824736,0,0,0,0,0
1.722865,-0.234369418102,-2.914553555763,0.554924185328,-1.064037256824,-2.581684706083,0.202610330853,-2.8600924486850468,1.8079180873824736,0,0,0,0,0
1.730865,-0.239100193246,-2.918614772701,0.552068791785,-1.068069245960,-2.586082252349,0.204235694941,-2.8600924486850468,1.8079180873824736,0,0,0,0,0
1.738865,-0.243830968390,-2.922675989638,0.549213398241,-1.072101235096,-2.590479798614,0.205861059030,-2.8600924486850468,1.8079180873824736,0,0,0,0,0
1.746865,-0.248574671831,-2.926721090117,0.546759172874,-1.075458411615,-2.595005943462,0.207632025760,-2.8600924486850468,1.8079180873824736,0,0,0,0,0
1.754865,-0.253318375272,-2.930766190595,0.544304947508,-1.078815588134,-2.599532088311,0.209402992491,-2.8600924486850468,1.8079180873824736,0,0,0,0,0
1.762865,-0.258062078713,-2.934811291074,0.541850722141,-1.082172764653,-2.604058233160,0.211173959221,-2.8600924486850468,1.8079180873824736,0,0,0,0,0
1.770865,-0.262805782155,-2.938856391552,0.539396496774,-1.085529941172,-2.608584378008,0.212944925951,-2.8600924486850468,1.8079180873824736,0,0,0,0,0
1.778865,-0.267549485596,-2.942901492031,0.536942271407,-1.088887117690,-2.613110522857,0.214715892682,-2.8600924486850468,1.8079180873824736,0,0,0,0,0
1.786865,-0.272293189037,-2.946946592509,0.534488046041,-1.092244294209,-2.617636667705,0.216486859412,-2.8600924486850468,1.8079180873824736,0,0,0,0,0
1.794865,-0.277036892478,-2.950991692988,0.532033820674,-1.095601470728,-2.622162812554,0.218257826142,-2.8600924486850468,1.8079180873824736,0,0,0,0,0
1.802865,-0.281780595919,-2.955036793466,0.529579595307,-1.098958647247,-2.626688957403,0.220028792873,-2.8600924486850468,1.8079180873824736,0,0,0,0,0
1.810865,-0.286524299361,-2.959081893945,0.527125369940,-1.102315823766,-2.631215102251,0.221799759603,-2.8600924486850468,1.8079180873824736,0,0,0,0,0
1.818865,-0.291268002802,-2.963126994423,0.524671144574,-1.105673000284,-2.635741247100,0.223570726333,-2.8600924486850468,1.8079180873824736,0,0,0,0,0
1.828496,-0.296011706243,-2.967172094902,0.522216919207,-1.109030176803,-2.640267391949,0.225341693064,-2.8600924486850468,1.8079180873824736,0,0,0,0,0
1.838127,-0.300768433218,-2.971247737938,0.520875772895,-1.111990663599,-2.644922108640,0.227635625158,-2.8600924486850468,1.8079180873824736,0,0,0,0,0
1.846127,-0.305525160193,-2.975323380975,0.519534626583,-1.114951150395,-2.649576825331,0.229929557253,-2.8600924486850468,1.8079180873824736,0,0,0,0,0
1.854127,-0.310281887167,-2.979399024011,0.518193480271,-1.117911637191,-2.654231542022,0.232223489348,-2.8600924486850468,1.8079180873824736,0,0,0,0,0
1.862127,-0.315038614142,-2.983474667048,0.516852333959,-1.120872123987,-2.658886258714,0.234517421442,-2.8600924486850468,1.8079180873824736,0,0,0,0,0
1.870127,-0.319795341117,-2.987550310084,0.515511187647,-1.123832610783,-2.663540975405,0.236811353537,-2.8600924486850468,1.8079180873824736,0,0,0,0,0
1.878127,-0.324552068092,-2.991625953120,0.514170041335,-1.126793097578,-2.668195692096,0.239105285632,-2.8600924486850468,1.8079180873824736,0,0,0,0,0
1.886127,-0.329308795066,-2.995701596157,0.512828895023,-1.129753584374,-2.672850408788,0.241399217727,-2.8600924486850468,1.8079180873824736,0,0,0,0,0
1.894127,-0.334065522041,-2.999777239193,0.511487748711,-1.132714071170,-2.677505125479,0.243693149821,-2.8600924486850468,1.8079180873824736,0,0,0,0,0
1.902127,-0.338822249016,-3.003852882230,0.510146602399,-1.135674557966,-2.682159842170,0.245987081916,-2.8600924486850468,1.8079180873824736,0,0,0,0,0
1.911161,-0.343578975991,-3.007928525266,0.508805456087,-1.138635044762,-2.686814558861,0.248281014011,-2.8600924486850468,1.8079180873824736,0,0,0,0,0
1.922768,-0.348335702966,-3.012004168302,0.507464309775,-1.141595531558,-2.691469275553,0.250574946105,-2.8600924486850468,1.8079180873824736,0,0,0,0,0
1.934385,-0.353100835974,-3.016008337702,0.507390997060,-1.144210837755,-2.696196742201,0.253497752285,-2.8600924486850468,1.8079180873824736,0,0,0,0,0
1.943426,-0.357865968983,-3.020012507102,0.507317684345,-1.146826143951,-2.700924208849,0.256420558465,-2.8600924486850468,1.8079180873824736,0,0,0,0,0
1.951426,-0.362631101992,-3.024016676502,0.507244371630,-1.149441450148,-2.705651675498,0.259343364645,-2.8600924486850468,1.8079180873824736,0,0,0,0,0
1.959426,-0.367396235001,-3.028020845902,0.507171058914,-1.152056756345,-2.710379142146,0.262266170825,-2.8600924486850468,1.8079180873824736,0,0,0,0,0
1.967426,-0.372161368010,-3.032025015302,0.507097746199,-1.154672062542,-2.715106608794,0.265188977005,-2.8600924486850468,1.8079180873824736,0,0,0,0,0
1.975426,-0.376926501019,-3.036029184702,0.507024433484,-1.157287368739,-2.719834075442,0.268111783185,-2.8600924486850468,1.8079180873824736,0,0,0,0,0
1.983426,-0.381691634027,-3.040033354102,0.506951120769,-1.159902674935,-2.724561542091,0.271034589365,-2.8600924486850468,1.8079180873824736,0,0,0,0,0
1.991426,-0.386456767036,-3.044037523502,0.506877808054,-1.162517981132,-2.729289008739,0.273957395545,-2.8600924486850468,1.8079180873824736,0,0,0,0,0
1.999754,-0.391221900045,-3.048041692902,0.506804495339,-1.165133287329,-2.734016475387,0.276880201724,-2.8600924486850468,1.8079180873824736,0,0,0,0,0
2.010110,-0.395987033054,-3.052045862302,0.506731182624,-1.167748593526,-2.738743942035,0.279803007904,-2.8600924486850468,1.8079180873824736,0,0,0,0,0
2.023944,-0.400752166063,-3.056050031702,0.506657869908,-1.170363899723,-2.743471408684,0.282725814084,-2.8600924486850468,1.8079180873824736,0,0,0,0,0
2.037378,-0.405519187143,-3.060066831868,0.508039967023,-1.173107314571,-2.748209117979,0.286353043905,-2.8600924486850468,1.8079180873824736,0,0,0,0,0
2.047039,-0.410286208224,-3.064083632034,0.509422064137,-1.175850729419,-2.752946827275,0.289980273725,-2.8600924486850468,1.8079180873824736,0,0,0,0,0
2.055039,-0.415053229305,-3.068100432201,0.510804161251,-1.178594144267,-2.757684536570,0.293607503546,-2.8600924486850468,1.8079180873824736,0,0,0,0,0
2.063039,-0.419820250386,-3.072117232367,0.512186258365,-1.181337559115,-2.762422245866,0.297234733367,-2.8600924486850468,1.8079180873824736,0,0,0,0,0
2.071039,-0.424587271466,-3.076134032533,0.513568355479,-1.184080973963,-2.767159955162,0.300861963187,-2.8600924486850468,1.8079180873824736,0,0,0,0,0
2.079039,-0.429354292547,-3.080150832699,0.514950452594,-1.186824388811,-2.771897664457,0.304489193008,-2.8600924486850468,1.8079180873824736,0,0,0,0,0
2.087039,-0.434121313628,-3.084167632865,0.516332549708,-1.189567803659,-2.776635373753,0.308116422828,-2.8600924486850468,1.8079180873824736,0,0,0,0,0
2.095039,-0.438888334709,-3.088184433031,0.517714646822,-1.192311218508,-2.781373083048,0.311743652649,-2.8600924486850468,1.8079180873824736,0,0,0,0,0
2.103039,-0.443655355789,-3.092201233197,0.519096743936,-1.195054633356,-2.786110792344,0.315370882470,-2.8600924486850468,1.8079180873824736,0,0,0,0,0
2.111039,-0.448422376870,-3.096218033363,0.520478841051,-1.197798048204,-2.790848501639,0.318998112290,-2.8600924486850468,1.8079180873824736,0,0,0,0,0
2.119039,-0.453189397951,-3.100234833529,0.521860938165,-1.200541463052,-2.795586210935,0.322625342111,-2.8600924486850468,1.8079180873824736,0,0,0,0,0
2.127039,-0.457956355024,-3.104304487003,0.523609835223,-1.203249530278,-2.800324048245,0.326769629599,-2.8600924486850468,1.8079180873824736,0,0,0,0,0
2.135039,-0.462723312098,-3.108374140477,0.525358732282,-1.205957597503,-2.805061885555,0.330913917088,-2.8600924486850468,1.8079180873824736,0,0,0,0,0
2.143039,-0.467490269171,-3.112443793951,0.527107629340,-1.208665664729,-2.809799722865,0.335058204577,-2.8600924486850468,1.8079180873824736,0,0,0,0,0
2.151039,-0.472257226245,-3.116513447425,0.528856526399,-1.211373731955,-2.814537560175,0.339202492066,-2.8600924486850468,1.8079180873824736,0,0,0,0,0
2.159039,-0.477024183318,-3.120583100899,0.530605423457,-1.214081799180,-2.819275397485,0.343346779554,-2.8600924486850468,1.8079180873824736,0,0,0,0,0
2.167039,-0.481791140392,-3.124652754373,0.532354320516,-1.216789866406,-2.824013234796,0.347491067043,-2.8600924486850468,1.8079180873824736,0,0,0,0,0
2.175039,-0.486558097465,-3.128722407847,0.534103217574,-1.219497933632,-2.828751072106,0.351635354532,-2.8600924486850468,1.8079180873824736,0,0,0,0,0
2.183039,-0.491325054539,-3.132792061321,0.535852114633,-1.222206000858,-2.833488909416,0.355779642020,-2.8600924486850468,1.8079180873824736,0,0,0,0,0
2.191039,-0.496092011612,-3.136861714795,0.537601011691,-1.224914068083,-2.838226746726,0.359923929509,-2.8600924486850468,1.8079180873824736,0,0,0,0,0
2.199039,-0.500858968686,-3.140931368269,0.539349908750,-1.227622135309,-2.842964584036,0.364068216998,-2.8600924486850468,1.8079180873824736,0,0,0,0,0
2.207039,-0.505625925759,-3.145001021743,0.541098805808,-1.230330202535,-2.847702421346,0.368212504486,-2.8600924486850468,1.8079180873824736,0,0,0,0,0
2.215039,-0.510391466645,-3.149234849542,0.542482709413,-1.233266276108,-2.852443942914,0.372640526837,-2.8600924486850468,1.8079180873824736,0,0,0,0,0
2.223039,-0.515157007530,-3.153468677341,0.543866613017,-1.236202349681,-2.857185464482,0.377068549187,-2.8600924486850468,1.8079180873824736,0,0,0,0,0
2.231039,-0.519922548415,-3.157702505139,0.545250516622,-1.239138423254,-2.861926986050,0.381496571537,-2.8600924486850468,1.8079180873824736,0,0,0,0,0
2.239039,-0.524688089300,-3.161936332938,0.546634420226,-1.242074496828,-2.866668507618,0.385924593888,-2.8600924486850468,1.8079180873824736,0,0,0,0,0
2.247039,-0.529453630185,-3.166170160737,0.548018323831,-1.245010570401,-2.871410029186,0.390352616238,-2.8600924486850468,1.8079180873824736,0,0,0,0,0
2.255039,-0.534219171071,-3.170403988535,0.549402227436,-1.247946643974,-2.876151550754,0.394780638588,-2.8600924486850468,1.8079180873824736,0,0,0,0,0
2.263039,-0.538984711956,-3.174637816334,0.550786131040,-1.250882717547,-2.880893072322,0.399208660939,-2.8600924486850468,1.8079180873824736,0,0,0,0,0
2.271039,-0.543750252841,-3.178871644133,0.552170034645,-1.253818791121,-2.885634593890,0.403636683289,-2.8600924486850468,1.8079180873824736,0,0,0,0,0
2.279039,-0.548515793726,-3.183105471931,0.553553938249,-1.256754864694,-2.890376115458,0.408064705639,-2.8600924486850468,1.8079180873824736,0,0,0,0,0
2.287039,-0.553281334612,-3.187339299730,0.554937841854,-1.259690938267,-2.895117637026,0.412492727990,-2.8600924486850468,1.8079180873824736,0,0,0,0,0
2.295039,-0.558046875497,-3.191573127529,0.556321745458,-1.262627011840,-2.899859158594,0.416920750340,-2.8600924486850468,1.8079180873824736,0,0,0,0,0
2.303039,-0.562810771032,-3.195856623824,0.557033197444,-1.265701388920,-2.904602543737,0.421432645592,-2.8600924486850468,1.8079180873824736,0,0,0,0,0
2.311039,-0.567574666567,-3.200140120119,0.557744649430,-1.268775766000,-2.909345928881,0.425944540844,-2.8600924486850468,1.8079180873824736,0,0,0,0,0
2.319039,-0.572338562102,-3.204423616414,0.558456101415,-1.271850143080,-2.914089314024,0.430456436096,-2.8600924486850468,1.8079180873824736,0,0,0,0,0
2.327039,-0.577102457637,-3.208707112708,0.559167553401,-1.274924520160,-2.918832699167,0.434968331348,-2.8600924486850468,1.8079180873824736,0,0,0,0,0
2.335039,-0.581866353172,-3.212990609003,0.559879005387,-1.277998897239,-2.923576084311,0.439480226600,-2.8600924486850468,1.8079180873824736,0,0,0,0,0
2.343039,-0.586630248707,-3.217274105298,0.560590457372,-1.281073274319,-2.928319469454,0.443992121852,-2.8600924486850468,1.8079180873824736,0,0,0,0,0
2.351039,-0.591394144242,-3.221557601593,0.561301909358,-1.284147651399,-2.933062854598,0.448504017104,-2.8600924486850468,1.8079180873824736,0,0,0,0,0
2.359039,-0.596158039778,-3.225841097888,0.562013361343,-1.287222028479,-2.937806239741,0.453015912356,-2.8600924486850468,1.8079180873824736,0,0,0,0,0
2.367039,-0.600921935313,-3.230124594183,0.562724813329,-1.290296405559,-2.942549624884,0.457527807608,-2.8600924486850468,1.8079180873824736,0,0,0,0,0
2.375039,-0.605685830848,-3.234408090478,0.563436265315,-1.293370782638,-2.947293010028,0.462039702860,-2.8600924486850468,1.8079180873824736,0,0,0,0,0
2.383039,-0.610449726383,-3.238691586773,0.564147717300,-1.296445159718,-2.952036395171,0.466551598112,-2.8600924486850468,1.8079180873824736,0,0,0,0,0
2.391039,-0.615106686135,-3.242892607873,0.564431489232,-1.299642401621,-2.956671948983,0.470994566957,-2.8600924486850468,1.8079180873824736,0,0,0,0,0
2.399039,-0.619763645887,-3.247093628973,0.564715261164,-1.302839643523,-2.961307502795,0.475437535803,-2.8600924486850468,1.8079180873824736,0,0,0,0,0
2.407039,-0.624420605640,-3.251294650073,0.564999033097,-1.306036885425,-2.965943056607,0.479880504648,-2.8600924486850468,1.8079180873824736,0,0,0,0,0
2.415039,-0.629077565392,-3.255495671174,0.565282805029,-1.309234127328,-2.970578610419,0.484323473493,-2.8600924486850468,1.8079180873824736,0,0,0,0,0
2.423039,-0.633734525144,-3.259696692274,0.565566576961,-1.312431369230,-2.975214164231,0.488766442339,-2.8600924486850468,1.8079180873824736,0,0,0,0,0
2.431039,-0.638391484896,-3.263897713374,0.565850348893,-1.315628611132,-2.979849718043,0.493209411184,-2.8600924486850468,1.8079180873824736,0,0,0,0,0
2.439039,-0.643048444649,-3.268098734474,0.566134120825,-1.318825853035,-2.984485271855,0.497652380029,-2.8600924486850468,1.8079180873824736,0,0,0,0,0
2.447039,-0.647705404401,-3.272299755574,0.566417892757,-1.322023094937,-2.989120825667,0.502095348875,-2.8600924486850468,1.8079180873824736,0,0,0,0,0
2.455039,-0.652362364153,-3.276500776674,0.566701664689,-1.325220336839,-2.993756379479,0.506538317720,-2.8600924486850468,1.8079180873824736,0,0,0,0,0
2.463039,-0.657019323905,-3.280701797774,0.566985436621,-1.328417578742,-2.998391933291,0.510981286565,-2.8600924486850468,1.8079180873824736,0,0,0,0,0
2.471039,-0.661868961412,-3.285088497466,0.567268623802,-1.332007275758,-3.003218041752,0.515620484567,-2.8600924486850468,1.8079180873824736,0,0,0,0,0
2.479039,-0.666718598919,-3.289475197159,0.567551810983,-1.335596972775,-3.008044150214,0.520259682569,-2.8600924486850468,1.8079180873824736,0,0,0,0,0
2.487039,-0.671568236426,-3.293861896851,0.567834998164,-1.339186669792,-3.012870258675,0.524898880571,-2.8600924486850468,1.8079180873824736,0,0,0,0,0
2.495039,-0.676417873932,-3.298248596543,0.568118185345,-1.342776366808,-3.017696367137,0.529538078573,-2.8600924486850468,1.8079180873824736,0,0,0,0,0
2.503039,-0.681267511439,-3.302635296235,0.568401372525,-1.346366063825,-3.022522475598,0.534177276575,-2.8600924486850468,1.8079180873824736,0,0,0,0,0
2.511039,-0.686117148946,-3.307021995927,0.568684559706,-1.349955760841,-3.027348584060,0.538816474577,-2.8600924486850468,1.8079180873824736,0,0,0,0,0
2.519039,-0.690966786452,-3.311408695620,0.568967746887,-1.353545457858,-3.032174692521,0.543455672579,-2.8600924486850468,1.8079180873824736,0,0,0,0,0
2.527039,-0.695816423959,-3.315795395312,0.569250934068,-1.357135154875,-3.037000800982,0.548094870581,-2.8600924486850468,1.8079180873824736,0,0,0,0,0
2.535039,-0.700666061466,-3.320182095004,0.569534121248,-1.360724851891,-3.041826909444,0.552734068582,-2.8600924486850468,1.8079180873824736,0,0,0,0,0
2.543039,-0.705515698973,-3.324568794696,0.569817308429,-1.364314548908,-3.046653017905,0.557373266584,-2.8600924486850468,1.8079180873824736,0,0,0,0,0
2.551039,-0.710365336479,-3.328955494389,0.570100495610,-1.367904245924,-3.051479126367,0.562012464586,-2.8600924486850468,1.8079180873824736,0,0,0,0,0
2.559039,-0.715214973986,-3.333342194081,0.570383682791,-1.371493942941,-3.056305234828,0.566651662588,-2.8600924486850468,1.8079180873824736,0,0,0,0,0
3.559039,-0.715214973986,-3.333342194081,0.570383682791,-1.371493942941,-3.056305234828,0.566651662588,-2.8600924486850468,1.8079180873824736,0,0,0,0,0
