elapsed_time,shoulder_pan_joint,shoulder_lift_joint,elbow_joint,wrist_1_joint,wrist_2_joint,wrist_3_joint,reward,terminated,truncated,distance,whip_target_contact,valid_side_hit,arm_tip_ground_hit,robot_ground_contact,arm_self_contact
0.01,0.0016449672176161944,-1.9149419579026203,1.4862359134535545,-0.8613120057594673,-1.5576332104213686,-0.0019879878448019446,1.1138544343964372,0,0,1.5351632909545276,0,0,0,0,0
0.02,0.005153584098261199,-1.9176562315215624,1.4847597207320773,-0.8615425183931331,-1.55859060698674,-0.005629602031228678,-0.16166968340249063,0,0,1.5351031860467907,0,0,0,0,0
0.03,0.010831580393079913,-1.9222320889793447,1.4844153115578387,-0.8627635161818971,-1.560667442075759,-0.010804577945759657,-0.16036084431497316,0,0,1.5350898958537809,0,0,0,0,0
0.04,0.018686473500848764,-1.9272662959517106,1.4841996189432878,-0.8643399045378004,-1.564833043222225,-0.01793638717852973,-0.17232293635897436,0,0,1.5350809837356565,0,0,0,0,0
0.05,0.028487567983752602,-1.9320909324781372,1.48389578114061,-0.8658246372142959,-1.571027237648288,-0.026879715174408132,-0.1801109202982697,0,0,1.5351035658787155,0,0,0,0,0
0.06,0.03998570221131841,-1.9365253240646603,1.4827890787726412,-0.8661507553832704,-1.5791805573284297,-0.036452215848276744,-0.17296085442929926,0,0,1.5351079907427847,0,0,0,0,0
0.07,0.052994817132769365,-1.940451311369179,1.4813261055821094,-0.8656020211542818,-1.589139766866461,-0.046495786636932546,-0.17068719577509592,0,0,1.535087801054435,0,0,0,0,0
0.08,0.06751422949543448,-1.9445145176317638,1.4802859063084117,-0.86338332992473,-1.599543192263392,-0.057731825953510986,-0.1611936724687225,0,0,1.5350381405545486,0,0,0,0,0
0.09,0.08216934990065458,-1.9494328242149082,1.4807386383595889,-0.8609027400533323,-1.6102278054435857,-0.06875595735499594,-0.16301866018684377,0,0,1.5349623323379438,0,0,0,0,0
0.1,0.09780583274581046,-1.954445570519303,1.4814366297110058,-0.858699404538928,-1.6216567660315333,-0.08098565290145496,-0.15552980324029214,0,0,1.5348498004366706,0,0,0,0,0
0.11,0.11471080606774103,-1.9598542273311312,1.48204524337438,-0.8559120137376213,-1.6325869835452491,-0.09276741548809699,-0.16642403525695249,0,0,1.5347475990982027,0,0,0,0,0
0.12,0.13208106496758446,-1.9651927686891586,1.4831796638107293,-0.8515875265053432,-1.6437627437568063,-0.10483558019683396,-0.14758900748567194,0,0,1.5346117141297384,0,0,0,0,0
0.13,0.15043497271125958,-1.9705060525128817,1.4859456196679164,-0.8463997848729156,-1.6565223288525681,-0.11689244386242297,-0.13790305720177348,0,0,1.5344445549597379,0,0,0,0,0
0.14,0.16997768507479838,-1.9753481316667905,1.4884623163350774,-0.8407277827290603,-1.6698237162366787,-0.12929642196355987,-0.1526917696930813,0,0,1.5343050981645063,0,0,0,0,0
0.15,0.19009308111004394,-1.9797058234712794,1.4923959918954455,-0.8339704206345984,-1.6837088930157564,-0.14195803789841185,-0.14037425084985705,0,0,1.5341438973376433,0,0,0,0,0
0.16,0.21142569532185626,-1.9829009199721022,1.4974357068717872,-0.8262790925120713,-1.69712245313506,-0.15487442265677792,-0.1439063460170179,0,0,1.5339696418316133,0,0,0,0,0
0.17,0.23387131509379425,-1.9846660840066639,1.5023880094177415,-0.8177760488108191,-1.7111973046884943,-0.16762349642875377,-0.13722564070352256,0,0,1.5337571526222153,0,0,0,0,0
0.18,0.2573320206631527,-1.9852793442402767,1.5075194400868275,-0.8092135100576932,-1.7268016059513398,-0.1800768942367317,-0.1377180633594411,0,0,1.5335565764084784,0,0,0,0,0
0.19,0.28117122574612935,-1.9847644473808954,1.513191583563114,-0.7993800156761213,-1.7423423611369044,-0.19219847513495564,-0.14359921692485073,0,0,1.5333825368787724,0,0,0,0,0
0.2,0.30594902156715226,-1.9842471940671622,1.5192222380731117,-0.7879304474653414,-1.755725736991591,-0.20294455848047363,-0.1600531266602469,0,0,1.5333080553754683,0,0,0,0,0
0.21,0.3316303186831296,-1.9841468268790956,1.5250792859096183,-0.775267108330094,-1.7686512035727393,-0.21146536278952896,-0.1590234218676136,0,0,1.5331956726907539,0,0,0,0,0
0.22,0.35798661815857336,-1.9841439361681756,1.5318605629197204,-0.7614059890124317,-1.7813912233042846,-0.2195627518500332,-0.18595206750763643,0,0,1.5332166228554944,0,0,0,0,0
0.23,0.3845198131520976,-1.9850540908396095,1.5400465400436045,-0.7476735924580183,-1.7955125946263313,-0.22705633665273586,-0.19471166451017188,0,0,1.5333553240207811,0,0,0,0,0
0.24,0.4113144573594876,-1.9855456978965287,1.5486286022185396,-0.73348118361766,-1.8093353545779258,-0.23232411536339131,-0.1938613661062085,0,0,1.5335160251341202,0,0,0,0,0
0.25,0.4383970445455268,-1.9849955523906502,1.558272844407037,-0.7179974784046637,-1.8211360309945914,-0.2381062395570005,-0.1909022730568764,0,0,1.5336831889746603,0,0,0,0,0
0.26,0.4663118872150525,-1.9842818439566223,1.5678650980424105,-0.7026875898639866,-1.8316008357769396,-0.24316641351485208,-0.21002716277443612,0,0,1.5339326563055642,0,0,0,0,0
0.27,0.49534799274972147,-1.9832045560178047,1.577099897313321,-0.6876130164554558,-1.8429494144681473,-0.24789765856333712,-0.21106138751599773,0,0,1.5342085309368871,0,0,0,0,0
0.28,0.5244009609160082,-1.981763759166334,1.585933153581194,-0.6725174054149163,-1.8536871614118824,-0.2513821460784733,-0.21902702231035667,0,0,1.5345268062124189,0,0,0,0,0
0.29,0.5535192548832266,-1.9793140693203415,1.5956122876881556,-0.6581281129776053,-1.8628441189704066,-0.2537609394506255,-0.21528529285239087,0,0,1.5348883696366478,0,0,0,0,0
0.3,0.5834780113711774,-1.975221653963567,1.6048877479168084,-0.6439274478996637,-1.8720481455561884,-0.25519981433946926,-0.21504636931979987,0,0,1.535245171286455,0,0,0,0,0
0.31,0.6139100106882006,-1.970077298889156,1.6140137505118295,-0.6293916134932036,-1.8825621723153516,-0.25768835511060595,-0.21655462295046213,0,0,1.5356485454445477,0,0,0,0,0
0.32,0.6448613539891678,-1.9637659098664537,1.6225719489703383,-0.6136583881831835,-1.8919756136724626,-0.26147081147760803,-0.2233431519381172,0,0,1.5361006182275392,0,0,0,0,0
0.33,0.6763972833769653,-1.9568205811413746,1.6290343972098806,-0.5963750591437781,-1.8994716824329299,-0.26348947495963615,-0.21299283261159643,0,0,1.5365254164909834,0,0,0,0,0
0.34,0.7071714517045719,-1.9501144239402595,1.6334018326714987,-0.5786524571032107,-1.9048070097803977,-0.26617949394714474,-0.22352953472927903,0,0,1.5369484621976024,0,0,0,0,0
0.35000000000000003,0.7384961532073174,-1.9439268971464863,1.6359537571320302,-0.5612127539410449,-1.9083951475227858,-0.26749214990575687,-0.22649013681021227,0,0,1.5374755408708518,0,0,0,0,0
0.36,0.7705610600862365,-1.9376755092596252,1.6368802626562797,-0.5447135324577406,-1.9130571487915375,-0.26734720834420084,-0.23491411312623428,0,0,1.538055666056278,0,0,0,0,0
0.37,0.8029551975280332,-1.9311549309777858,1.636812001732589,-0.5275149699937614,-1.916773001258187,-0.26696785803730133,-0.24255417966954482,0,0,1.5386815192496544,0,0,0,0,0
0.38,0.8356998271868589,-1.9247289210227998,1.63585308125966,-0.5089985106871612,-1.9188846367549794,-0.26506742761228774,-0.2437477177247095,0,0,1.539369472838191,0,0,0,0,0
0.39,0.8670292621743695,-1.9183723796202956,1.6341394163695317,-0.4906700038901798,-1.919824658779005,-0.26152648665470496,-0.24937969956202083,0,0,1.540042400578553,0,0,0,0,0
0.4,0.8967959768290157,-1.912544662763994,1.631493840809117,-0.47210090015600203,-1.9210605027516043,-0.2575686783994702,-0.24654760171261358,0,0,1.5406749213037507,0,0,0,0,0
0.41000000000000003,0.9269081611521354,-1.9069579601768805,1.6278864266455813,-0.4528075627018322,-1.9220525546021863,-0.2521697453027825,-0.23041556533935176,0,0,1.5411886433550916,0,0,0,0,0
0.42,0.9569213877427658,-1.901494240137617,1.6229338696607107,-0.43335617357516076,-1.922445966866408,-0.2456166752046118,-0.2294394050232505,0,0,1.54167095024555,0,0,0,0,0
0.43,0.9863337651698542,-1.8964109433040615,1.6181340162606004,-0.41357954505329336,-1.9224270121707567,-0.23834058366568922,-0.23541311904804035,0,0,1.542165872174416,0,0,0,0,0
0.44,1.014556329410095,-1.8912419125072784,1.6140049797086853,-0.39600743618253026,-1.9215997229770372,-0.2297876338380864,-0.23143274690580182,0,0,1.5426699338611793,0,0,0,0,0
0.45,1.0432539067609794,-1.8847353331568193,1.6094735088823044,-0.37896720212185603,-1.920671722006347,-0.21968943373044342,-0.22000627053659008,0,0,1.543079214854967,0,0,0,0,0
0.46,1.0711710127531726,-1.8781620657306461,1.6044564420399003,-0.3632837871360571,-1.9179597152036636,-0.20994683883309115,-0.22578559602277637,0,0,1.5435007915877181,0,0,0,0,0
0.47000000000000003,1.0985564247357302,-1.8720589250992707,1.5989336195227029,-0.3475033245156503,-1.9144587227925727,-0.2016333307222619,-0.22257268513883027,0,0,1.5439291084662792,0,0,0,0,0
0.48,1.1250317399693421,-1.8661890035090343,1.5933683264679286,-0.33095369814155845,-1.9117061630772287,-0.19321046275854784,-0.23543113950460443,0,0,1.5444452725572062,0,0,0,0,0
0.49,1.1521300600060083,-1.860687723265637,1.588516526276225,-0.31615487949008847,-1.9083651555459282,-0.18368430939943203,-0.22451288310539755,0,0,1.544947571968396,0,0,0,0,0
0.5,1.1791366760596815,-1.8559597187230417,1.5835504318065239,-0.3017496362138259,-1.905150975955978,-0.1728025243071189,-0.22636805162716034,0,0,1.545392041854574,0,0,0,0,0
0.51,1.2056619443550032,-1.8514726583864898,1.5783453541963808,-0.28910125429059613,-1.9016186033665785,-0.16231318009932272,-0.22452528562345622,0,0,1.5457859517639447,0,0,0,0,0
0.52,1.2320200329521873,-1.8472630591007122,1.573776641802562,-0.27648112066820857,-1.8978249984957034,-0.15204461630937394,-0.19317171288071489,0,0,1.545834727440265,0,0,0,0,0
0.53,1.257079441650693,-1.842764254558396,1.5700102019408244,-0.26463579551290256,-1.896092487449699,-0.1420580279302876,-0.14508593211930879,0,0,1.5453917199833287,0,0,0,0,0
0.54,1.2812817818362305,-1.8372251976772618,1.5663408308457907,-0.25320152391626055,-1.8959474459424746,-0.13169028525426069,-0.13724244672602753,0,0,1.5448666726319757,0,0,0,0,0
0.55,1.3048235436656501,-1.8313094932578926,1.5633606369001118,-0.24131581164326185,-1.8959714132750496,-0.12216537216483882,-0.023302214458549825,0,0,1.5430011102059589,0,0,0,0,0
0.56,1.3278193826794589,-1.82626314891881,1.5601586849421902,-0.22957678400086776,-1.895999675119326,-0.11305705567050289,0.09461563580699245,0,0,1.5398512919412302,0,0,0,0,0
0.5700000000000001,1.350536818105638,-1.822035364671502,1.5573398047253244,-0.21744692349568265,-1.8950291145565181,-0.10310363592215871,0.30044949448888786,0,0,1.534476982680582,0,0,0,0,0
0.58,1.3713805992842025,-1.818011771468488,1.5551365665622792,-0.2053336296315891,-1.8937523653875068,-0.09252937481666254,1.4370618954626995,0,0,1.5260348892664939,0,0,0,0,0
0.59,1.391020370222214,-1.8131647022995454,1.5532892382434154,-0.19318656058235967,-1.8926610382701408,-0.08117524517070626,2.1706588757955143,0,0,1.5148080706794238,0,0,0,0,0
0.6,1.4087144236348688,-1.807355778961969,1.551914991625795,-0.1814444507236127,-1.890679574856882,-0.06892162684433484,2.418534655931966,0,0,1.5024331873509773,0,0,0,0,0
0.61,1.4260308840776963,-1.8009099820808374,1.5506543260817414,-0.16876639807402496,-1.8893223350840305,-0.05684435637505396,2.5434669219361763,0,0,1.4894467464508854,0,0,0,0,0
0.62,1.4412743586947852,-1.7942474869176486,1.549693132734377,-0.15601734518760185,-1.8889156944795003,-0.04435619484368025,2.466934337318546,0,0,1.476853423563473,0,0,0,0,0
0.63,1.4555649846868346,-1.7874503394539811,1.5475556357919056,-0.14429412094866612,-1.8881767814492163,-0.03060881774943057,2.235011700271619,0,0,1.46534855358159,0,0,0,0,0
0.64,1.4695601650500871,-1.7817762198568032,1.5462861489215771,-0.1324031739412462,-1.887279484346051,-0.0166146705456021,2.1800781378255505,0,0,1.4541051357733537,0,0,0,0,0
0.65,1.4834889392950086,-1.7764090689174994,1.5457906140368691,-0.1196223959634027,-1.8868524827662834,-0.0030838937330360623,2.095158976438593,0,0,1.4432579792136047,0,0,0,0,0
0.66,1.4962584240931203,-1.7704749281665246,1.544780102304828,-0.10704515946078305,-1.8866427700172805,0.010587207071260648,1.9864458153281361,0,0,1.4329145989560694,0,0,0,0,0
0.67,1.5064909136331786,-1.7647525667071726,1.5427355259513715,-0.09501865814671827,-1.886230507296904,0.02380964846532494,1.8862064870095179,0,0,1.4230589530217121,0,0,0,0,0
0.68,1.5150200500251745,-1.759016465579305,1.5406344971264312,-0.08200627154338226,-1.8871053294908475,0.03776888213490459,1.7714132708733883,0,0,1.4137867542671854,0,0,0,0,0
0.6900000000000001,1.521606241388275,-1.7529358564841107,1.5389664836565478,-0.06837487590800324,-1.8896204043079379,0.05174673381913802,1.6080638867159642,0,0,1.4053026645134405,0,0,0,0,0
0.7000000000000001,1.527997927492069,-1.7457499071043991,1.5363176593171979,-0.05566159400826372,-1.892451867962572,0.06618253532751785,1.4983906285069584,0,0,1.3973255544425767,0,0,0,0,0
0.71,1.5332410906172673,-1.7384906590071807,1.5344158665012253,-0.044184875583219825,-1.8962247381648543,0.08046691303107491,1.4183579315925288,0,0,1.389724998283527,0,0,0,0,0
0.72,1.5378050293528123,-1.7311272612759354,1.5322826904304687,-0.03215957470480933,-1.899753998684242,0.09326448697677255,1.3152846795084832,0,0,1.3826087208963813,0,0,0,0,0
0.73,1.5421639096215611,-1.723434914148228,1.530202727773916,-0.021611489368846777,-1.9035999905250773,0.10535725809403532,1.2291558231697377,0,0,1.3758741052140944,0,0,0,0,0
0.74,1.5471882639431296,-1.7157519774635868,1.5280258293521016,-0.010491489320456432,-1.9069157847360045,0.1172111205750487,1.137976922319978,0,0,1.3696097097354456,0,0,0,0,0
0.75,1.5525854721296823,-1.7088680328181962,1.5272275027161617,-0.001038079924172213,-1.9098230846527944,0.1277483377034615,1.0479728565557997,0,0,1.363784464042807,0,0,0,0,0
0.76,1.5586513684684906,-1.7010194238309604,1.5253271154727612,0.009198523962484785,-1.9140921643547977,0.13876494990249938,0.9768583971905542,0,0,1.358333166171241,0,0,0,0,0
0.77,1.5643461799560374,-1.6924058773840462,1.5224549535745422,0.018143456312463675,-1.9187492257293979,0.15033825113993984,0.846905852085571,0,0,1.3534634468877649,0,0,0,0,0
0.78,1.568456822260741,-1.684572601925619,1.518691263713703,0.026991510705419174,-1.9245061473410712,0.16259098561967664,0.765624250438006,0,0,1.3490050205125035,0,0,0,0,0
0.79,1.5717312737463427,-1.6768176961569048,1.5148620901485375,0.0354073796202318,-1.9303991585938656,0.175987783863369,0.6365591976605842,0,0,1.3451073914765108,0,0,0,0,0
0.8,1.5742577362260766,-1.6690196626172829,1.5125507448773088,0.0441287456859467,-1.9346830955435717,0.18883150362981785,0.5458327964485683,0,0,1.3416747798324165,0,0,0,0,0
0.81,1.576091313296206,-1.6612096202173507,1.5109944138638558,0.05302112174575047,-1.9371808802877275,0.20154369050759255,0.45163209051026004,0,0,1.3386808067509905,0,0,0,0,0
0.8200000000000001,1.5786413970235857,-1.6535162973853974,1.5087166917501715,0.06256617979858135,-1.9391089975291838,0.21276972474373732,0.33311381426967196,0,0,1.3361301305791164,0,0,0,0,0
0.8300000000000001,1.5804101374664277,-1.6460397910909879,1.5056047140054685,0.07168675697306635,-1.941241476324366,0.22455607930872215,0.20999813179752397,0,0,1.333975931665038,0,0,0,0,0
0.84,1.582646497022387,-1.6379922408793877,1.5028922959820232,0.07888701346598619,-1.942511585561395,0.2356324988271243,0.08779754146544833,0,0,1.3322711569364372,0,0,0,0,0
0.85,1.5835010314724818,-1.6296673390956018,1.499722998403554,0.0849739087684036,-1.943304099979408,0.24570002212950418,-0.025397049510169772,0,0,1.3309577097660132,0,0,0,0,0
0.86,1.584393716376112,-1.620532655958964,1.495545898809794,0.08979849947887357,-1.9447429541648396,0.25661511283442034,-0.14683274567008128,0,0,1.3301141823150409,0,0,0,0,0
0.87,1.584616548740824,-1.6111105607243845,1.4904228390100198,0.09333749099693106,-1.9455662966312204,0.2662495959641211,-0.24410737329361204,0,0,1.3296193797719473,0,0,0,0,0
0.88,1.5832917877906432,-1.6027864657234212,1.4854228757438137,0.09653670382010472,-1.9457279749282834,0.2745562235561987,-0.3243295533196309,0,0,1.3293887404696052,0,0,0,0,0
0.89,1.5811830086551597,-1.594544337040797,1.479805572441113,0.09863766196696597,-1.9444338075298875,0.28184172549615016,-0.32402305658064545,0,0,1.3292130319896205,0,0,0,0,0
0.9,1.5779331429495065,-1.58679169807696,1.4740247523012715,0.10153402771834481,-1.9414942152591932,0.2883321538177199,-0.3399075115904692,0,0,1.3291121274060234,0,0,0,0,0
0.91,1.5734203821740964,-1.5792202563073203,1.468117659742869,0.10397995504955522,-1.9378674785619368,0.2946488614841725,-0.3424759707016104,0,0,1.3290334592918873,0,0,0,0,0
0.92,1.5672786479490235,-1.5708782746433176,1.4620762300297272,0.10766500938797378,-1.9342412299883445,0.3012612731344788,-0.3167995812060997,0,0,1.3288998527036546,0,0,0,0,0
0.93,1.5606491710358614,-1.5623198985245672,1.4562548294176496,0.11212441670334601,-1.9300303900308804,0.3073523366590358,-0.3168257317201306,0,0,1.3287088652002481,0,0,0,0,0
0.9400000000000001,1.5540488298973318,-1.5538848180492117,1.4505995242845482,0.11519706097162963,-1.9259964391437576,0.3128483635586648,-0.3196309408572219,0,0,1.3284984846947296,0,0,0,0,0
0.9500000000000001,1.5471626061847412,-1.5453397338989054,1.444989977512445,0.11901897466968488,-1.9222246651358221,0.31757478448948545,-0.32837559215198975,0,0,1.3283641236356698,0,0,0,0,0
0.96,1.5408513346618213,-1.5369123134918734,1.4400905181552275,0.12329780532352785,-1.9206346826902727,0.32179591656895856,-0.3497997040344788,0,0,1.328307854757082,0,0,0,0,0
0.97,1.5355046189146797,-1.528713193723239,1.434678161455195,0.12772283435567064,-1.9191775980986403,0.32440159477656244,-0.3618249905499924,0,0,1.328256118166263,0,0,0,0,0
0.98,1.5308147745685714,-1.520132640621388,1.4301205703186468,0.1329745332944518,-1.9173698430788018,0.32724605961501074,-0.3730865069378205,0,0,1.3282432003217488,0,0,0,0,0
0.99,1.5269163050104704,-1.5108385528109183,1.424953441065591,0.13815559941204902,-1.9140834439797407,0.3301714820447235,-0.3889352493609361,0,0,1.3282681844982955,0,0,0,0,0
1.0,1.5244011120725067,-1.501413257108859,1.41938304764256,0.14380758960627332,-1.912205614136637,0.3340872031828674,-0.39739787065620263,0,0,1.3282808540610687,0,0,0,0,0
1.01,1.5236906937566315,-1.4918838470845688,1.4128850806430924,0.14930344953958835,-1.9098350523566605,0.33871932296175183,-0.39908177388253374,0,0,1.3283523506557762,0,0,0,0,0
1.02,1.524120073386681,-1.4830243053067833,1.4069168149343676,0.1537865170812609,-1.9082122840264801,0.3432939956346685,-0.38402547146448934,0,0,1.3284053650853846,0,0,0,0,0
1.03,1.5254753058486066,-1.474043457298896,1.4015400081873284,0.1588351123641699,-1.9052588777118422,0.3483326435429573,-0.36453914404118304,0,0,1.3285380923145715,0,0,0,0,0
1.04,1.526830200324835,-1.464660280334823,1.3962543585043057,0.16258019176956082,-1.9027588496924996,0.35394755595620575,-0.3733875261548881,0,0,1.3287012489623415,0,0,0,0,0
1.05,1.5277922490952154,-1.4553649524593113,1.3895748859578865,0.16523433230739668,-1.8997780576359513,0.3598560896415429,-0.35747733940178683,0,0,1.32893487175502,0,0,0,0,0
1.06,1.530101452909582,-1.4459977343434942,1.3827539231392467,0.1669079602233829,-1.8960492806061269,0.3668678759645556,-0.3510058647753128,0,0,1.3291566464580962,0,0,0,0,0
1.07,1.533098586954225,-1.4359737649323328,1.3760409003023633,0.16725837926156742,-1.8923049808712202,0.3742012962158547,-0.3557988629199721,0,0,1.3293192551185526,0,0,0,0,0
1.08,1.5355043597092184,-1.4264024058978222,1.3697587211086772,0.167371002783728,-1.887988489316694,0.3824526478611726,-0.35449837327520517,0,0,1.3293883430228142,0,0,0,0,0
1.09,1.537741636963861,-1.4179684297598922,1.3645760102212308,0.16733595988184333,-1.8838026540841906,0.3901047319937239,-0.3670481180474628,0,0,1.3294800435479985,0,0,0,0,0
1.1,1.538496608111027,-1.410868757853097,1.360357252790427,0.16786551926330345,-1.8786750155481857,0.3982546939416403,-0.7862944498796824,0,0,1.3295887686054284,0,0,0,0,0
1.11,1.5396998499954624,-1.4036116442145663,1.3560647668333328,0.16822625360033755,-1.873481707766317,0.40622459449047765,-0.8000867736799093,0,0,1.329512547789537,0,0,0,0,0
1.12,1.5405143447922975,-1.3957243441481328,1.353211426848609,0.16897827067345814,-1.8698524538414398,0.41510529380154465,-0.7839154409509457,0,0,1.3294374586149804,0,0,0,0,0
1.1300000000000001,1.5406610826979785,-1.3879180739911894,1.3506999235707076,0.16840272320985364,-1.8663976941977822,0.42402898457871147,-0.7957899785879119,0,0,1.3293020067721324,0,0,0,0,0
1.1400000000000001,1.5401009341928862,-1.3807906308444353,1.3485332007731203,0.16808534588006932,-1.864106551693426,0.432644786578093,-0.8052993599683327,0,0,1.3292667268405407,0,0,0,0,0
1.1500000000000001,1.538848789122748,-1.3732236862864755,1.3453731348652818,0.16804657137577045,-1.8617201225054183,0.44060789857892474,-0.7980646550821506,0,0,1.3290316642571072,0,0,0,0,0
1.16,1.5381570903524593,-1.3649225266765204,1.342273315863254,0.16895978795936525,-1.8597375518898713,0.44893738643893233,-0.8057671150364794,0,0,1.3288729493651605,0,0,0,0,0
1.17,1.537809144222622,-1.3569486560483446,1.3390940222781478,0.16967669325319876,-1.8588176260480793,0.4554792146186059,-0.805036947568968,0,0,1.3286357158656412,0,0,0,0,0
1.18,1.5388807042256496,-1.3490368589895199,1.33648247301215,0.17099718337133984,-1.8571481720103267,0.46180555985333244,-0.7982293581916449,0,0,1.328337113420127,0,0,0,0,0
1.19,1.5400118332944472,-1.3405822136991163,1.3329476669018039,0.17263857926369136,-1.8563369516253383,0.46894023587666134,-0.7833892179897188,0,0,1.3280722871310804,0,0,0,0,0
1.2,1.5409945382299146,-1.3313524987986087,1.328671974239845,0.1743512448056167,-1.855614042417689,0.4757521171872939,-0.7879165073661092,0,0,1.3277737096871909,0,0,0,0,0
1.21,1.5425274033459269,-1.322266835692724,1.3240824999366427,0.17631836043781557,-1.8537866644054828,0.4818649515363278,-0.7517270191111753,0,0,1.327422768282208,0,0,0,0,0
1.22,1.5440637840553777,-1.314565482532097,1.3200496086640225,0.17912486202842526,-1.8498370573973866,0.4879254012766273,-0.740366401140405,0,0,1.3270421896177849,0,0,0,0,0
1.23,1.54464964147711,-1.3076300370704872,1.3163437773561517,0.1808726697594321,-1.845295149160217,0.49366296969148254,-0.7093326386609309,0,0,1.3265667266295285,0,0,0,0,0
1.24,1.544768250270168,-1.3005685921252845,1.3129313250324524,0.1815946702908838,-1.8407715696792266,0.500178292304672,-0.7087639690077099,0,0,1.3260804732210063,0,0,0,0,0
1.25,1.5451860158615829,-1.2936211085291187,1.3096270698095578,0.18213791654185837,-1.835680634905179,0.5064919565939947,-0.7674824957680657,0,0,1.3257219429126814,0,0,0,0,0
1.26,1.5448829072198462,-1.2867811946722993,1.3064665620139224,0.18264097751535,-1.832100541744739,0.5122191563166758,-0.6909719300240496,0,0,1.3252057070462344,0,0,0,0,0
1.27,1.5441864814182087,-1.2793812304610275,1.3031469255519446,0.18335089843637123,-1.8292047395484352,0.5179115032146104,-0.7606565734998636,0,0,1.3248446769630216,0,0,0,0,0
1.28,1.5426196920645658,-1.2720081299062362,1.3002667474786853,0.18244980225180593,-1.8255048295595007,0.5238408694977864,-0.7199377686282264,0,0,1.3244759920686613,0,0,0,0,0
1.29,1.542013672875777,-1.2643784883788147,1.2968609195858036,0.18005238617776861,-1.8220715796170839,0.5295914612919463,-0.7118286799423839,0,0,1.324041157706245,0,0,0,0,0
1.3,1.542755360702278,-1.2572114491267596,1.2925929273681556,0.17858203967692157,-1.8200170140766372,0.5347832915149018,-0.7164454244107645,0,0,1.323682007522047,0,0,0,0,0
1.31,1.5438458486656808,-1.2501300199543617,1.287339168802724,0.1783279029753347,-1.8193684380749695,0.5400104687279654,-0.6656917718622319,0,0,1.3231114567064062,0,0,0,0,0
1.32,1.5447237063292127,-1.2429126122325376,1.2818437420355655,0.17865598125357085,-1.817950699911726,0.5444133786308072,-0.6564779937506076,0,0,1.322509858067746,0,0,0,0,0
1.33,1.5443721392402268,-1.2361256947846972,1.2771100411838365,0.1795910293380176,-1.816983591584253,0.5487093013512987,-0.6711187683448268,0,0,1.3219743406092368,0,0,0,0,0
1.34,1.5435307946337733,-1.2285708410561353,1.2729737097303802,0.1822137932654453,-1.8176697601975835,0.5526397095375921,-0.6529470114418474,0,0,1.321395195266186,0,0,0,0,0
1.35,1.5433958782819552,-1.220991554453936,1.2689347254044636,0.18487833547362967,-1.8174116118129588,0.5555286605530517,-0.6995151824359112,0,0,1.320957854701681,0,0,0,0,0
1.36,1.5444920702666751,-1.2136675988460526,1.2645786020668441,0.18799799769766481,-1.8154957524370066,0.5590377821059932,-0.7127643705232696,0,0,1.320554626447834,0,0,0,0,0
1.37,1.5465545384155166,-1.2066727717601093,1.2605635381049094,0.18957853771217675,-1.8130295426359315,0.5634176832155907,-0.6931438992984307,0,0,1.320069523849199,0,0,0,0,0
1.3800000000000001,1.5480745651212577,-1.1990630825618185,1.2558807171170177,0.1903259684976065,-1.8118768349326084,0.5687841256593822,-0.6695520244191044,0,0,1.3195452545346478,0,0,0,0,0
1.3900000000000001,1.5482921238294758,-1.1914791887970133,1.2502275525040971,0.19071593361136358,-1.8108637486851373,0.5741495204349529,-0.7137521615577778,0,0,1.319095928979204,0,0,0,0,0
1.4000000000000001,1.5468081138138101,-1.1852798634337522,1.2460461611562208,0.1910387212017837,-1.8090524133995263,0.5799159370940061,-0.7321612944410807,0,0,1.3187445340659134,0,0,0,0,0
1.41,1.5443548727479899,-1.1794327872292254,1.2431168993870547,0.19196410962359342,-1.8054328951272567,0.5846623019784475,-0.7668079597022532,0,0,1.3185019756648697,0,0,0,0,0
1.42,1.5421157493211295,-1.1734526351262995,1.2400764149675187,0.19418560563938422,-1.8018540698800045,0.5895022452247691,-0.7886553446871598,0,0,1.3182628870551638,0,0,0,0,0
1.43,1.5412490768785403,-1.1674392014332462,1.2378726554512947,0.19528330398773874,-1.7971822805865763,0.5945801934733469,-0.787852215618748,0,0,1.3180699226755261,0,0,0,0,0
1.44,1.5416945315766541,-1.160829079031471,1.2364045559915657,0.19751332865447743,-1.7925404582520061,0.5993481818281756,-0.8223683534967854,0,0,1.3179527506531876,0,0,0,0,0
1.45,1.5420640484730475,-1.1539881709591366,1.2347667810348912,0.1987505742194176,-1.7875335143133668,0.6055500853846899,-0.8432401773164904,0,0,1.3179315099166646,0,0,0,0,0
1.46,1.5415013911716466,-1.1473459948343303,1.2324232839881935,0.19869860003289547,-1.7832070087219192,0.6129964635286776,-0.8414705385155605,0,0,1.3180163533684395,0,0,0,0,0
1.47,1.5412173375602638,-1.139894945899991,1.228909865568942,0.1975094236349274,-1.78019478693631,0.620883156482732,-0.8298445672837738,0,0,1.3181250458883762,0,0,0,0,0
1.48,1.5397914870274154,-1.1321930587102673,1.2255667637742624,0.1952733197353576,-1.7778272249753417,0.6284364288927661,-0.8348315069107339,0,0,1.318222531229455,0,0,0,0,0
1.49,1.5382147819364134,-1.1243571037913815,1.221652393674099,0.19263745922219003,-1.7758330177672204,0.6346533004153899,-0.8375260271198295,0,0,1.3183297862337497,0,0,0,0,0
1.5,1.5369005824734827,-1.1163726156807718,1.2171706172136523,0.1914585359377539,-1.773129859701278,0.6400032661175404,-0.8409187036463024,0,0,1.3183485216774624,0,0,0,0,0
1.51,1.5344791281621417,-1.1088585417640386,1.2123391088530062,0.1896325421977284,-1.7694837923916393,0.6448502527354028,-0.8338767122790789,0,0,1.3183035546106676,0,0,0,0,0
1.52,1.5315008349440402,-1.1011226845845292,1.2074488581200162,0.18903617059759448,-1.7678739078256178,0.6508147626667639,-0.8405834191404573,0,0,1.3183765519401083,0,0,0,0,0
1.53,1.5289251869478317,-1.0925294624447348,1.2020040652877424,0.18829521463467871,-1.7642985887740292,0.6562479714370415,-0.8352256558296516,0,0,1.3184052837390834,0,0,0,0,0
1.54,1.5264051586097656,-1.0838832086874084,1.195509054528375,0.18702483589015848,-1.759495238120595,0.6629490723304643,-0.8384129344210154,0,0,1.3184104285939662,0,0,0,0,0
1.55,1.5247259393883856,-1.0751215241691117,1.1881275048767586,0.18559579395825704,-1.7557839957337353,0.6683378330375084,-0.8410921694601519,0,0,1.3184128741112087,0,0,0,0,0
1.56,1.5229442371443644,-1.0674297457636774,1.1821402950197257,0.18368784144933195,-1.7513792186460302,0.6721346274308655,-0.8383624208606104,0,0,1.318448119479296,0,0,0,0,0
1.57,1.5215886231117517,-1.0601498277753385,1.1773925018821565,0.18238523542324472,-1.7468178782295407,0.6761055973652654,-0.8427100637173119,0,0,1.3185230587261805,0,0,0,0,0
1.58,1.5202256834298167,-1.0530577730253463,1.1736753877493726,0.18074265973137954,-1.7429751226343704,0.6808242171343434,-0.8500783908121712,0,0,1.3186389757767074,0,0,0,0,0
1.59,1.5183916229799923,-1.0463371370731063,1.1705054550332459,0.17749737397926882,-1.7413002594753646,0.68406765266221,-0.8383452895429957,0,0,1.3187302670768413,0,0,0,0,0
1.6,1.5154891831746204,-1.0397052406368585,1.1677618473183955,0.17464253506614535,-1.7385786050038305,0.6888382944478217,-0.8419959863461237,0,0,1.3188386600625872,0,0,0,0,0
1.61,1.5127007491737972,-1.0320707511114176,1.164959754540234,0.17161379117381523,-1.736007399915939,0.6939412979073252,-0.8482912216618577,0,0,1.3189102853264816,0,0,0,0,0
1.62,1.510297581022742,-1.024393973676963,1.1620038906119885,0.1693497563369612,-1.7349961758109176,0.6988555266300698,-0.8404777773485634,0,0,1.3190068682478928,0,0,0,0,0
1.6300000000000001,1.507202172242401,-1.0166953125935019,1.1586374008367917,0.16801261608201457,-1.7351430548055709,0.7042651751044439,-0.8389868280284254,0,0,1.3191856309013834,0,0,0,0,0
1.6400000000000001,1.5044070622478753,-1.0087251084703779,1.1555520844790332,0.1676665523207291,-1.736235755916336,0.7076209202237297,-0.8350257421232388,0,0,1.319443227459459,0,0,0,0,0
1.6500000000000001,1.5019775079786468,-1.0006683380876318,1.1528096475983516,0.16783128469371095,-1.7384211703371377,0.7106453671149725,-0.8638623909876382,0,0,1.3198535241890277,0,0,0,0,0
1.6600000000000001,1.4990719094256855,-0.9925303333380046,1.1496460658629897,0.1671742372157837,-1.7408323075851615,0.7130326837995195,-0.8306543367109747,0,0,1.3202673136490124,0,0,0,0,0
1.67,1.4967003766281224,-0.9852955635847928,1.1462177106140636,0.16564637294374493,-1.7441344157282217,0.7146928662157545,-0.8246380445687109,0,0,1.3205102065882899,0,0,0,0,0
1.68,1.4952461156187817,-0.9789751975080273,1.1427253028372582,0.16381471179742715,-1.7483557178387852,0.7159884908861684,-0.8451316613519535,0,0,1.320551225058057,0,0,0,0,0
1.69,1.4944421401588213,-0.9733430946129894,1.1398251316035288,0.1629360171524304,-1.7515189278714263,0.7169899847487415,-0.8252596208942158,0,0,1.3204942635976133,0,0,0,0,0
1.7,1.4930365175080185,-0.9682323731146721,1.138020800319949,0.1609680741488933,-1.7537338417143393,0.719120574224051,-0.8463592982915995,0,0,1.3206981064372627,0,0,0,0,0
1.71,1.4910258341184806,-0.9632808513307283,1.1373040621987962,0.15987781403756515,-1.7566183155981463,0.7209987188243191,-0.8332010808603905,0,0,1.3206269444778138,0,0,0,0,0
1.72,1.4883898861232014,-0.958184055451377,1.1357963754087455,0.15940834253272135,-1.7602229458216792,0.7226396578361285,-0.8424038746592961,0,0,1.3206443535898647,0,0,0,0,0
1.73,1.4854681060237258,-0.953385014414957,1.135099767948532,0.15878870236363124,-1.7651016415393765,0.7247049697778898,-0.8249564120193651,0,0,1.3204439272638608,0,0,0,0,0
1.74,1.4834576273543258,-0.9493418416935466,1.1339971223274115,0.1587158313239908,-1.7708599528338678,0.727020197467571,-0.8234575758271481,0,0,1.3203250307513732,0,0,0,0,0
1.75,1.4824878481815602,-0.9453359084833244,1.1328214860517278,0.15808036906499484,-1.7760839447661785,0.7285937990578699,-0.8508065873053632,0,0,1.3203712223173787,0,0,0,0,0
1.76,1.482160574787219,-0.9406836039241389,1.131286971319564,0.15616480639081387,-1.7822762460904118,0.7297984632056436,-0.8489204461833069,0,0,1.3204505392110182,0,0,0,0,0
1.77,1.4819003180954209,-0.9355231424543504,1.1288409066538843,0.15550187684054742,-1.7886655311831177,0.7318588190355878,-0.8279236576193076,0,0,1.3203745987507784,0,0,0,0,0
1.78,1.4812256336933742,-0.9302004684470775,1.1251440684894851,0.1560389612592286,-1.7937195255394154,0.7345123628064155,-0.8468923025049655,0,0,1.32051771796412,0,0,0,0,0
1.79,1.479601357785788,-0.9241135001222051,1.1202061422579523,0.15572681785879652,-1.797007802928886,0.7361531321943044,-0.8270561668781156,0,0,1.3205900953361205,0,0,0,0,0
1.8,1.4771877204680066,-0.9179431053403879,1.1167313676284136,0.15443545402872588,-1.8006897769721046,0.7373036925603185,-0.8482918624190865,0,0,1.320705952421432,0,0,0,0,0
1.81,1.4747599371744042,-0.9113177829474052,1.1128605438512549,0.1533219817846613,-1.8062179718283167,0.7378129381519155,-0.8433406005666593,0,0,1.3207126338314388,0,0,0,0,0
1.82,1.4728820743757918,-0.9040019692328353,1.1086561493249263,0.1519613818044074,-1.810324358869064,0.7387370987201515,-0.8502369471075508,0,0,1.320853429672614,0,0,0,0,0
1.83,1.4718025024065289,-0.8958980681290981,1.1040065332846423,0.150373018381942,-1.815434471417516,0.7405911629708738,-0.8465075873108783,0,0,1.3209946319939516,0,0,0,0,0
1.84,1.470321449773015,-0.8883378335271784,1.0985061937262164,0.1480972463892827,-1.8186073646251748,0.7422238321557562,-0.7941898082631667,0,0,1.320750693358113,0,0,0,0,0
1.85,1.4687977404332622,-0.8819744389151036,1.0920381442332612,0.146494595102171,-1.8197059103722957,0.7433377727735767,-0.8352473769717486,0,0,1.3207948735371267,0,0,0,0,0
1.86,1.4671553809832893,-0.8759359065308209,1.0863427211746022,0.14637318216516243,-1.819719975560132,0.7442345478600939,-0.8280513452116665,0,0,1.3207314263566032,0,0,0,0,0
1.87,1.4646974302781133,-0.8693973898777885,1.0811439568121426,0.1454493822831782,-1.8209963508436866,0.7438820150097007,-0.8140381780840384,0,0,1.3205306337238418,0,0,0,0,0
1.8800000000000001,1.4612595259537673,-0.8625536365236761,1.0773178639274144,0.14303023641187704,-1.8232902553840022,0.7437596046014332,-0.7973724718720034,0,0,1.3202201682167236,0,0,0,0,0
1.8900000000000001,1.4574003965137974,-0.856389636465208,1.0751571781519007,0.14217527826614657,-1.8249942398139565,0.7440764470442293,-0.8080987064267984,0,0,1.3200015258109827,0,0,0,0,0
1.9000000000000001,1.452456839184808,-0.8509633656202287,1.0730407067959373,0.14099371869403363,-1.8262859424309492,0.7451877248304072,-0.8313681074440231,0,0,1.319905744160644,0,0,0,0,0
1.9100000000000001,1.4470579084036306,-0.8455428308785792,1.0707207702633401,0.13932076873808616,-1.826351574079206,0.7458467295613889,-0.8336569714631994,0,0,1.319862785444298,0,0,0,0,0
1.92,1.4425106897828617,-0.8400657186663077,1.0686034631039865,0.13729873768036457,-1.8268955998498977,0.7460452225814003,-0.8287300761233554,0,0,1.3196885274861292,0,0,0,0,0
1.93,1.4380867737380842,-0.8350245585718071,1.067184363139533,0.13493059885720404,-1.828509563240983,0.747674514051432,-0.8474236999757039,0,0,1.3197140691301925,0,0,0,0,0
1.94,1.4329285868946797,-0.8301535057339775,1.0655732486188796,0.1333375507153715,-1.8320716799398031,0.7506915786873702,-0.8487231697357751,0,0,1.3198481465731844,0,0,0,0,0
1.95,1.4278714244886856,-0.8257520796186293,1.0637076769492213,0.1309710653454425,-1.8370294851580642,0.7541518848900887,-0.848671427762753,0,0,1.3198669297737387,0,0,0,0,0
1.96,1.423817888322407,-0.8208810599916129,1.061382440626544,0.12950292262721044,-1.8420459308969437,0.7573685221856223,-0.8537167166058548,0,0,1.319967598178956,0,0,0,0,0
1.97,1.419475607958389,-0.815930175093498,1.0586236355981984,0.12700588404689614,-1.8450280318913195,0.760020055618552,-0.8415947632377032,0,0,1.320067470388869,0,0,0,0,0
1.98,1.4143057216174444,-0.8111214615517129,1.0558579583892092,0.1238344214842587,-1.8484833902609932,0.7615839265519054,-0.8546551541434906,0,0,1.3202187340287272,0,0,0,0,0
1.99,1.4087380721626779,-0.8058265026543395,1.0532948181520179,0.1194237324390511,-1.8522983630822687,0.7617810599014095,-0.8459058045869599,0,0,1.320234429017492,0,0,0,0,0
2.0,1.4036025371083702,-0.8002206026901552,1.0499413300608436,0.11454528604925873,-1.8579519529942576,0.7621968724277801,-0.829910530499048,0,0,1.3201129097529671,0,0,0,0,0
2.0100000000000002,1.3991964198494355,-0.7948572651377079,1.04724957888357,0.10957734729257462,-1.86383562538945,0.7630711292358965,-0.8491312819253913,0,0,1.3201402707183398,0,0,0,0,0
2.02,1.3963041688130267,-0.7898837914103458,1.0448142172822743,0.10352740947059251,-1.870639696951263,0.7639733750532868,-0.8447903402809542,0,0,1.3201535995568685,0,0,0,0,0
2.0300000000000002,1.3942346591097705,-0.7852686635162239,1.0419177928117014,0.09891164794530126,-1.876981556668693,0.7641766767861794,-0.8534966312552981,0,0,1.3201680788421886,0,0,0,0,0
2.04,1.3931208840151112,-0.779864770694672,1.0377824663627693,0.09538479670043137,-1.8814159934618018,0.7644536731163382,-0.8333630396946281,0,0,1.3200815269392723,0,0,0,0,0
2.05,1.3914514593474103,-0.7736339789135449,1.0330820322486673,0.09062997949062211,-1.8852446186238747,0.7638503453855098,-0.8412640148051167,0,0,1.3201835475207122,0,0,0,0,0
2.06,1.388978662422555,-0.7680084907389314,1.0296753169600157,0.08518211720629923,-1.8889531093149394,0.763570336638077,-0.8227025366718583,0,0,1.3199839052561222,0,0,0,0,0
2.07,1.3864445933707172,-0.7634883456249287,1.0265948126456714,0.08027680838774472,-1.8935206790463277,0.7633121413892526,-0.8433410338888352,0,0,1.3198788075100942,0,0,0,0,0
2.08,1.3841211762779901,-0.7596902979231048,1.0240591696471173,0.07404805168399008,-1.8971771990975312,0.7622621470109134,-0.8256461989513861,0,0,1.3197498930576343,0,0,0,0,0
2.09,1.3810220863071239,-0.7559950105211936,1.0222132833480504,0.06705736466318343,-1.9000528517815454,0.7607988985858384,-0.8046381638660023,0,0,1.319471495653964,0,0,0,0,0
2.1,1.376681520531043,-0.7531815102454582,1.0215821218243997,0.060130434937939,-1.9032225903895368,0.7586216761150022,-0.8160907275452318,0,0,1.3192751479573732,0,0,0,0,0
2.11,1.3714371437569015,-0.750784121101653,1.0218644008574127,0.05402093627947811,-1.9083732419002009,0.7573030253657994,-0.8340823539648563,0,0,1.3191957043506586,0,0,0,0,0
2.12,1.3656136818262732,-0.7485909124736381,1.0227327099857233,0.04646129810450403,-1.913097303188216,0.7553082633154204,-0.8179048718179844,0,0,1.3190047950162043,0,0,0,0,0
2.13,1.3589737011845748,-0.7459585145154148,1.0243301016158346,0.03794867474108285,-1.9167817637023759,0.7539669944659524,-0.8268294699330365,0,0,1.3188859128781336,0,0,0,0,0
2.14,1.3512416972998977,-0.7424800507396522,1.0254136505915605,0.0286844710412254,-1.9189147190879814,0.7530680888860516,-0.8254071668618548,0,0,1.3187524436748925,0,0,0,0,0
2.15,1.3432200283164717,-0.739532989792759,1.0278065420448637,0.018422455804759864,-1.922318258791078,0.7529559266269955,-0.841345699591864,0,0,1.3187532327507385,0,0,0,0,0
2.16,1.3347271559894425,-0.735987710563339,1.0296834770875687,0.007365245242253214,-1.9268027462711443,0.7530367676695655,-0.8392544648051057,0,0,1.318688881726992,0,0,0,0,0
2.17,1.3248708488874343,-0.7328888756680092,1.0330708034371001,-0.004200036708501507,-1.931687514397854,0.7526780243589548,-0.8459800389084222,0,0,1.318797404685089,0,0,0,0,0
2.18,1.3141211240016526,-0.7299077189020585,1.0359768395093596,-0.01465079522706137,-1.9362308219931856,0.7521913828566418,-0.8668083696754314,0,0,1.3190856254393077,0,0,0,0,0
2.19,1.302661132517759,-0.7266365819923828,1.0385884522049427,-0.023951012491997006,-1.9411529064219946,0.7506822142461452,-0.8562576383044112,0,0,1.3194298585684983,0,0,0,0,0
2.2,1.2910001241424809,-0.7228833311918457,1.0410499202735277,-0.03250391192390515,-1.9451556917313515,0.7504782065109049,-0.8594384916178714,0,0,1.3197925613561676,0,0,0,0,0
2.21,1.2792730883140662,-0.7194590062219723,1.0429593037042169,-0.04172626217689218,-1.9476460632157224,0.748863392328496,-0.8497675480967257,0,0,1.3201673894632344,0,0,0,0,0
2.22,1.2668838282737789,-0.7171513456994318,1.0441502838505659,-0.051971019203736944,-1.9489794890468852,0.7461514544473031,-0.8520959640252683,0,0,1.3205656705446354,0,0,0,0,0
2.23,1.2538276419747392,-0.7154301831670866,1.0456249383135874,-0.06085947731191067,-1.9494282792659616,0.743915311655569,-0.8561537535375061,0,0,1.3209504276617954,0,0,0,0,0
2.24,1.2407871748270662,-0.7131204099843963,1.0455531106086515,-0.06984545781132494,-1.9491886523385182,0.7400833464279902,-0.8499162696409075,0,0,1.3213604391329339,0,0,0,0,0
2.25,1.2272831654157468,-0.7106522697386295,1.0452129903711567,-0.07821167807685676,-1.9489191078702848,0.735221271306443,-0.8473506573745349,0,0,1.3215909759756008,0,0,0,0,0
2.2600000000000002,1.214216599829171,-0.7081524432276202,1.0454006759413648,-0.08678392791442054,-1.9500963785502339,0.7296524026748455,-0.8366423441211701,0,0,1.3217984406248895,0,0,0,0,0
2.27,1.2007572867376983,-0.7052946023370893,1.046704241982244,-0.09478888383177474,-1.9521900257424034,0.7231618051347573,-0.8233294176497605,0,0,1.3219318068874,0,0,0,0,0
2.2800000000000002,1.186291651112772,-0.7025356457489061,1.0471770965844434,-0.10191593074276555,-1.9556010871378815,0.7173968444863777,-0.8326868677629364,0,0,1.3222508969262832,0,0,0,0,0
2.29,1.1713658772549655,-0.7002443544556555,1.0478019458206007,-0.10818053828998299,-1.9570277412197097,0.7105705802214124,-0.8380045568396872,0,0,1.3226365038205017,0,0,0,0,0
2.3000000000000003,1.1559726446618253,-0.6976112246481956,1.0483803392555229,-0.11495698391177495,-1.958505138724433,0.7026428865766995,-0.830785184247834,0,0,1.3229236623487322,0,0,0,0,0
2.31,1.141045701615641,-0.6941993603038725,1.0481987536481576,-0.12303323262288504,-1.9593599706676836,0.693205162307025,-0.8170152678025258,0,0,1.3231999009657074,0,0,0,0,0
2.32,1.1265092634538987,-0.6912450975155763,1.0490273441899263,-0.1325737725023205,-1.959408936212803,0.6839731904446571,-0.7844056557738117,0,0,1.3231713630965856,0,0,0,0,0
2.33,1.1120440455684817,-0.6883705597059656,1.050054952412882,-0.1428542778980506,-1.9602804669895963,0.6752411629383026,-0.821592509205409,0,0,1.3233645651555086,0,0,0,0,0
2.34,1.0987426902927282,-0.6861023059142828,1.04998921609942,-0.15295066780657773,-1.9613093114904705,0.667461735737749,-0.837860390350655,0,0,1.3236773705289226,0,0,0,0,0
2.35,1.0857141125606193,-0.6852858698050015,1.0498260248995945,-0.16370913704841986,-1.9619917902497097,0.6595303988241491,-0.8283517386298991,0,0,1.323859494226047,0,0,0,0,0
2.36,1.0715504055134393,-0.6855557541520085,1.0505346990311162,-0.17454085545690665,-1.963691176372312,0.6520116165841714,-0.8195314804706679,0,0,1.3240408442940632,0,0,0,0,0
2.37,1.0564286783371954,-0.6851725101229764,1.0512641082380982,-0.18473281177371348,-1.9659522853633817,0.6439025206990988,-0.826982161869366,0,0,1.3243012940598815,0,0,0,0,0
2.38,1.0403022881875152,-0.6837862933474506,1.0517717860919606,-0.19597593860508225,-1.9678659415572057,0.6354573983966686,-0.8231585425859456,0,0,1.3246537322009995,0,0,0,0,0
2.39,1.0237072282140676,-0.681313158928721,1.0529643575706165,-0.206369230434211,-1.971756170473983,0.625928182390948,-0.8204313332309972,0,0,1.3250647319899196,0,0,0,0,0
2.4,1.0072696994513228,-0.6778978352634292,1.0543421020803567,-0.21655552813988682,-1.9756070676678406,0.6152110427496126,-0.8387465684412247,0,0,1.3254170297947658,0,0,0,0,0
2.41,0.9910526313774343,-0.6737738332420323,1.0552971283890327,-0.22465169643118157,-1.9814509942475647,0.6030680306928309,-0.8204583808468837,0,0,1.3257165303127503,0,0,0,0,0
2.42,0.9756159752595828,-0.6691878249274624,1.0569007312623708,-0.2319579978269864,-1.9891203581707069,0.5905381362106835,-0.8410882281777392,0,0,1.326151908178503,0,0,0,0,0
2.43,0.961073290595692,-0.6644171806099267,1.05809984204934,-0.239891903965654,-1.9984716309069253,0.5782816525936191,-0.843772606274132,0,0,1.3264647997423433,0,0,0,0,0
2.44,0.9475964226076267,-0.6604052218020002,1.0593123559660245,-0.24765505696759077,-2.0080439952258606,0.565687170768608,-0.8354750914664406,0,0,1.3266006566633035,0,0,0,0,0
2.45,0.9343849725215764,-0.6570076513736096,1.0613654914840236,-0.25529570238390564,-2.0169063942281586,0.5522661471120544,-0.8437119258365553,0,0,1.3269194882487017,0,0,0,0,0
2.46,0.9206321705726292,-0.6536795063066468,1.0629423073426765,-0.2617879241706068,-2.0254570132327148,0.5390635993011135,-0.8508735531372023,0,0,1.3272226584941023,0,0,0,0,0
2.47,0.9057642166033072,-0.6508361879766267,1.0649323757719547,-0.26844964889710476,-2.0332165301744216,0.5247032238476654,-0.8412276610513214,0,0,1.3275389415095586,0,0,0,0,0
2.48,0.8911048879312558,-0.6492023477604917,1.0678037353850847,-0.2750925059299914,-2.040771201618826,0.5088473131732021,-0.8467687464482532,0,0,1.3278218168677274,0,0,0,0,0
2.49,0.8770029627624716,-0.6474536985155755,1.069387125805376,-0.28205816467486816,-2.0476238917803413,0.49359037941249206,-0.8451630396986964,0,0,1.3279909412195554,0,0,0,0,0
2.5,0.862896694032099,-0.6452949047716496,1.0714164881801551,-0.2906404903526328,-2.055535866038011,0.47785616452404106,-850.835207967852,0,1,1.3281527382755172,0,0,0,0,0
